gene1,gene2,gene1_id,gene2_id,score
HDAC1,HDAC2,205,21,5.70827800878308
GRIA1,GRIA2,152,156,5.65060797520936
GABRB2,GABRB3,135,136,5.64923050334385
KCNJ3,KCNJ5,160,164,5.63704787823837
HTR3E,HTR3A,182,146,5.59809943121568
HTR3D,HTR3A,184,146,5.59336646289498
GRIA2,GRIA3,156,158,5.57772294123041
DHFR,TYMS,63,15,5.57435477864427
LCK,ZAP70,230,265,5.57074497873716
HTR3C,HTR3A,185,146,5.56936511495308
CHRNA4,CHRNB2,126,159,5.55571721458301
TOP2A,TOP2B,52,99,5.5506064787949
HTR3D,HTR3E,184,182,5.53311750695817
GRIA1,GRIA3,152,158,5.52458885737649
GART,ATIC,83,64,5.51797171694158
HTR3C,HTR3E,185,182,5.51715885990534
GABRA3,GABRA5,151,149,5.51506155329372
HTR3C,HTR3D,185,184,5.50721225398834
MSN,EZR,426,506,5.50338180805556
ALDH1A1,ALDH1A2,108,110,5.49996346156832
EGFR,ERBB2,25,247,5.49745809886669
CHRNA3,CHRNB2,171,159,5.49712639699611
CHRNA4,CHRNA6,126,173,5.49673294262366
HTR3D,HTR3B,184,183,5.49621550626314
GABRA1,GABRB2,141,135,5.48576130708372
GABRB1,GABRB3,167,136,5.4739598172286
GABRB1,GABRB2,167,135,5.4739598172286
GRIA3,GRIA4,158,157,5.47041309983046
HSP90AA1,HSP90AB1,290,301,5.4660254438348
CHRNA3,CHRNB4,171,170,5.45494534880101
GRIA1,GRIA4,152,157,5.45437735194812
MAPK1,BRAF,202,40,5.45260847079989
DHFR,FPGS,63,16,5.43335803207958
GRIA2,GRIA4,156,157,5.42937968585028
CHRNB4,CHRNA6,170,173,5.41469165285686
CDK4,CCND1,348,200,5.4117176714829
KCNJ6,KCNJ9,161,187,5.40324001725577
IMPDH1,IMPDH2,130,131,5.40291522599392
IKBKB,IKBKG,198,300,5.40188829661675
HSPA2,HSPA8,291,242,5.38930879715703
MAPK14,MAPK11,245,340,5.37812611460725
GABRA1,GABRB3,141,136,5.34342293637618
GABRA1,GABRG3,141,176,5.34289280649052
GART,PPAT,83,246,5.34160447456139
CHRNA4,CHRNB4,126,170,5.33139797186374
TUBA4A,TUBA1A,62,65,5.32736841176712
RARB,RXRG,113,106,5.31336816894827
RXRA,RXRG,118,106,5.30585832859987
AKT1,PDPK1,203,263,5.30577750699061
GABRA6,GABRB3,155,136,5.300670527
MAP2K1,RAF1,342,41,5.29628751493855
RARA,RARG,112,107,5.29390666617481
CHRNB2,CHRNA6,159,173,5.29223301397837
DNMT1,DNMT3B,189,249,5.28626827436368
RAF1,BRAF,41,40,5.28164142743066
FGFR3,FGFR2,308,338,5.28112657131032
CSNK2A1,CSNK2B,287,288,5.27790728211429
HTR3A,HTR3B,146,183,5.27563890128028
ESRRB,ESRRG,253,97,5.27232638306623
KCNJ5,KCNJ9,164,187,5.27036391523595
KCNJ3,KCNJ9,160,187,5.26702703128714
CDK4,CDK6,348,349,5.26621872456663
ABL1,ABL2,80,233,5.26502956703581
CHRNA2,CHRNB4,154,170,5.25967344058355
FLT4,KDR,42,43,5.25460521315788
HIBCH,ACADSB,281,17,5.25416854852787
HPGDS,GSTP1,122,354,5.25374586182296
CYP26A1,CYP26B1,119,120,5.25033509132886
DDX6,PATL1,443,624,5.24812965104018
CHRNA7,CHRNA6,165,173,5.24170043631474
CDK4,CDKN1A,348,204,5.24169743499171
KCNJ3,KCNJ6,160,161,5.23623431503734
CDK2,CDKN1A,261,204,5.23589849770007
GABRA5,GABRG3,149,176,5.23436119713357
CDKN1A,CCND1,204,200,5.22797944121388
CHRNA4,CHRNA7,126,165,5.22796975096308
FLT1,KDR,49,43,5.2273926940829
GABRA2,GABRG3,147,176,5.22622956384807
GABRA4,GABRG3,150,176,5.22387582702228
CHRNA3,CHRNA5,171,172,5.2233195154279
CYP26A1,CYP26C1,119,121,5.21820970596854
FLT1,VEGFA,49,305,5.21557353399791
CHRNA5,CHRNB4,172,170,5.21470979595764
CHRNA7,CHRNB2,165,159,5.21059563341866
GABRA6,GABRG3,155,176,5.21047575798073
RARA,RARB,112,113,5.21035294028175
GABRB2,GABRG3,135,176,5.20643470405718
GABRB1,GABRG3,167,176,5.20643470405718
CHRNA2,CHRNB3,154,174,5.19977090275975
CHRNA5,CHRNB2,172,159,5.19886811829673
CHRNB3,CHRNA6,174,173,5.19796202832615
CHRNA3,CHRNA6,171,173,5.19739999966754
CYP26C1,CYP26B1,121,120,5.19482705787197
ERBB2,ERBB4,247,347,5.19407847173492
GABRA3,GABRG3,151,176,5.19319785281564
CYP11B1,CYP17A1,84,33,5.18996656081958
GABRB3,GABRG3,136,176,5.18911419631605
GABRA5,GABRB1,149,167,5.1883002248468
GABRA5,GABRB2,149,135,5.1883002248468
PSMB5,PSMB8,2,334,5.18630610451842
KCNJ5,KCNJ6,164,161,5.18418941278407
CHRNA3,CHRNA4,171,126,5.18157776401738
PARP2,PARP1,351,350,5.18094124050346
GABRA2,GABRB2,147,135,5.17921097566449
GABRA2,GABRB1,147,167,5.17921097566449
GABRA4,GABRB2,150,135,5.17657816702017
GABRA4,GABRB1,150,167,5.17657816702017
HTR3E,HTR3B,182,183,5.17650738576116
ESRRA,ESRRG,254,97,5.17616714265314
KDR,VEGFA,43,305,5.17397838595556
GABRA5,GABRB3,149,136,5.17175342741864
CHRNB2,CHRNB4,159,170,5.16365269893861
GABRA2,GABRB3,147,136,5.16157474199826
GABRA6,GABRB1,155,167,5.16157465250794
GABRA6,GABRB2,155,135,5.16157465250794
ATIC,PPAT,64,246,5.16051667487101
GABRA4,GABRB3,150,136,5.15862364377469
CDK6,CCND1,349,200,5.15500749304997
KIT,KITLG,46,562,5.15255474124812
CHRNB3,CHRNB4,174,170,5.15242000570914
GABRA1,GABRB1,141,167,5.15169844264297
SIN3A,HDAC2,456,21,5.14959796534259
CYP19A1,HSD17B1,192,271,5.14554822872958
SCN2A,SCN3A,10,8,5.14526627161555
TUBB,TUBB1,29,218,5.14315351152263
GABRA3,GABRB1,151,167,5.14219752483839
GABRA3,GABRB2,151,135,5.14219752483839
LIG1,LIG3,13,14,5.13943792806083
CHRNA4,CHRNB3,126,174,5.13549101872741
RARA,RXRG,112,106,5.13290798013649
EIF4G1,EIF4G2,618,408,5.13222206468262
GABRA3,GABRB3,151,136,5.1199950515899
PSMB8,PSMB9,334,335,5.11553024454907
FGFR1,FGFR2,47,338,5.11528100400276
PPARG,RXRA,24,118,5.1144312733509
RARA,RXRA,112,118,5.10966143051139
RARB,RARG,113,107,5.10864282435946
MAPK1,MAPK3,202,201,5.1071229498953
HTR3C,HTR3B,185,183,5.09169824574057
CSF1,CSF1R,427,77,5.08971161732411
PIK3CA,PIK3R1,302,538,5.08818844367676
CHRNA2,CHRNB2,154,159,5.08263044149916
NCOA2,NCOA1,252,251,5.07887005483442
JAK1,JAK3,331,332,5.07628428700018
PARP2,PARP3,351,352,5.07227263137908
CACNA1H,CACNA1G,91,90,5.06994325883634
RXRA,NCOA1,118,251,5.0668822106233
ICAM1,ITGAL,314,82,5.06292397069726
MAP2K2,RAF1,343,41,5.06067591942336
CCN2,CCN1,518,620,5.05483762031691
SIN3A,HDAC1,456,205,5.05241079373119
CDKN1A,GADD45A,204,482,5.05087183371123
GABRA5,GABRA6,149,155,5.04930288450727
GABRA4,GABRA5,150,149,5.04930288450727
GABRA1,GABRA5,141,149,5.04930288450727
GABRA2,GABRA4,147,150,5.04930288450727
GABRA1,GABRA4,141,150,5.04930288450727
GABRA3,GABRA4,151,150,5.04930288450727
GABRA2,GABRA5,147,149,5.04930288450727
GABRA1,GABRA2,141,147,5.04930288450727
GABRA2,GABRA6,147,155,5.04930288450727
GABRA2,GABRA3,147,151,5.04930288450727
GABRA4,GABRA6,150,155,5.04930288450727
GABRA1,GABRA3,141,151,5.04930288450727
GABRA3,GABRA6,151,155,5.04930288450727
GABRA1,GABRA6,141,155,5.04930288450727
RXRB,RXRG,105,106,5.04685959741026
ESR1,NCOA1,31,251,5.03147882457552
G6PD,PGD,377,139,5.02858214805593
EGFR,ERBB4,25,347,5.02642565224461
RXRA,RXRB,118,105,5.02570320034117
FGFR2,FGFR4,338,341,5.01331666624853
FGFR3,FGFR4,308,341,5.01292695103405
FPGS,ATIC,16,64,5.00353318881119
E2F7,E2F1,429,400,5.00081629192761
CYP1B1,CYP19A1,255,192,4.9964633706486
UBE2K,UBA1,597,294,4.98731540445981
LYN,BTK,243,235,4.98329815343846
SCN2A,SCN8A,10,11,4.97237966260915
SCN3A,SCN8A,8,11,4.97237966260915
FGF1,FGFR1,309,47,4.97197626203903
MAP2K1,BRAF,342,40,4.97047754300408
HDAC8,HDAC3,269,267,4.96754457428458
CDK2,E2F1,261,400,4.96625628128164
SMARCD1,ARID1A,625,380,4.96550291413918
JAK2,STAT5B,330,232,4.96414269244197
CEBPA,CEBPB,418,296,4.95595064125359
IMPDH2,ATIC,131,64,4.94053070902304
CHRNA9,CHRNA10,166,148,4.93029027478229
LYVE1,CD44,327,313,4.9300305400224
MAPK3,MAP2K1,201,342,4.92409292840698
CDK6,CDKN1A,349,204,4.92164926302614
CHRNA5,CHRNA9,172,166,4.90586545657798
CHRNA5,CHRNA6,172,173,4.90586545657798
CHRNA5,CHRNB3,172,174,4.90586545657798
CHRNA2,CHRNA7,154,165,4.90586545657798
CHRNA7,CHRNB3,165,174,4.90586545657798
CHRNA5,CHRNA7,172,165,4.90586545657798
CHRNA2,CHRNA9,154,166,4.90586545657798
CHRNA2,CHRNA6,154,173,4.90586545657798
CHRNB3,CHRNA9,174,166,4.90586545657798
CHRNA7,CHRNA9,165,166,4.90586545657798
CHRNA2,CHRNA5,154,172,4.90586545657798
CHRNA9,CHRNA6,166,173,4.90586545657798
LYN,SYK,243,258,4.90372061756586
NCOA2,RXRA,252,118,4.90326191698936
CHRNA3,CHRNA9,171,166,4.90116317824079
CHRNA4,CHRNA5,126,172,4.90116317824079
CHRNA2,CHRNA4,154,126,4.90116317824079
CHRNB4,CHRNA9,170,166,4.90116317824079
CHRNA7,CHRNB4,165,170,4.90116317824079
CHRNA2,CHRNA3,154,171,4.90116317824079
CHRNA4,CHRNA9,126,166,4.90116317824079
CHRNA3,CHRNB3,171,174,4.90116317824079
CHRNA3,CHRNA7,171,165,4.90116317824079
HDAC1,HDAC3,205,267,4.88810260490675
HDAC2,HDAC3,21,267,4.88810260490675
PPARA,RXRA,22,118,4.88517444045197
NCOA2,ESR1,252,31,4.88142763903444
DNMT3A,DNMT3B,248,249,4.88031240280473
CDK4,E2F1,348,400,4.88020382908025
RARB,RXRB,113,105,4.87820272420045
UBE2E3,UBE2K,463,597,4.87798851193512
ALDH1A1,ALDH5A1,108,20,4.87648622648786
ALDH5A1,ALDH1A2,20,110,4.87251425876565
GRIN3A,GRIA4,142,157,4.87122084088998
EGFR,GRB2,25,565,4.86831485579214
ESRRG,RARB,97,113,4.86639776341376
ESRRG,RARG,97,107,4.86639776341376
HIF1A,HSP90AA1,632,290,4.86628428422361
JAK1,TYK2,331,333,4.85657906704553
PSMB1,PSMB5,3,2,4.85286584760152
ESRRG,RARA,97,112,4.84341192634374
JAK3,STAT5B,332,232,4.84091267449561
CACNA1C,CACNA1D,86,169,4.83682073150495
CMPK1,RRM1,51,50,4.8350875562237
NCOA2,PPARG,252,24,4.83444390235623
CYP11B1,CYP19A1,84,192,4.8317593207384
PSMB2,PSMB5,336,2,4.82810669904144
CHRNB2,CHRNB3,159,174,4.81597534321757
CHRNB2,CHRNA9,159,166,4.81597534321757
NR0B1,ESRRG,223,97,4.81386583326771
FLT1,FLT4,49,42,4.8122431688952
MAPK8,MAP2K4,98,566,4.81197305874212
UBE2E3,UBE2Z,463,559,4.80695431830634
BTG3,BTG2,517,389,4.80575672023492
CDK2,CDK6,261,349,4.78861630133126
ESRRA,ESRRB,254,253,4.77599388358563
PIK3CD,PIK3CG,303,262,4.75646171653836
GRIN3A,GRIA3,142,158,4.7485255921052
PIK3CB,PIK3CG,304,262,4.73685613975621
FRS2,FGFR1,425,47,4.73591142003758
UBE2K,UBE2Z,597,559,4.73485175909994
CACNA1A,CACNA1B,88,87,4.73187466582627
PSMB1,PSMB2,3,336,4.72529776308095
GRIN3A,GRIA1,142,152,4.72420722901731
GRIN3A,GRIA2,142,156,4.70613454617659
CYP17A1,CYP19A1,33,192,4.69850816229027
MAP4,MAPT,220,222,4.69704955068016
DRD1,DRD2,215,102,4.68989889301812
HACD3,ELOVL5,374,586,4.68895109649995
CACNG2,CACNB1,186,145,4.68812793989566
FGFR1,FGFR3,47,308,4.67908446856206
MED1,RXRA,535,118,4.66910178191928
PDGFRA,PDGFRB,78,45,4.6570866803931
GABRG3,GABRQ,176,179,4.65201030412939
IMPDH1,ATIC,130,64,4.6384254162133
GLRA1,HTR3E,143,182,4.63217144288885
GLRA2,HTR3E,144,182,4.63217144288885
HTR3C,GLRA1,185,143,4.63217144288885
HTR3C,GLRA2,185,144,4.63217144288885
SYK,BTK,258,235,4.62984200097254
ABL1,BCR,80,75,4.62701432171768
GABRA1,GABRQ,141,179,4.61949332520739
GABRA5,GABRQ,149,179,4.61949332520739
GABRA3,GABRQ,151,179,4.61949332520739
GABRA6,GABRQ,155,179,4.61949332520739
GABRA4,GABRQ,150,179,4.61949332520739
GABRA2,GABRQ,147,179,4.61949332520739
MAP2K1,MAP2K2,342,343,4.61146523771509
HDAC6,HDAC9,268,18,4.61077621476885
GABRB1,GABRQ,167,179,4.6094858273726
GABRB2,GABRQ,135,179,4.6094858273726
GABRB3,GABRQ,136,179,4.6094858273726
HTR1A,HTR1D,73,208,4.60682680926595
PGR,NCOA1,30,251,4.60661189268536
HTR1A,HTR1B,73,74,4.6025977038116
RARG,RXRG,107,106,4.60057079105784
HPGDS,CBR1,122,295,4.59548180049106
E2F1,CCND1,400,200,4.59048542425499
MAP2K2,BRAF,343,40,4.58653274679249
CDH5,CTNND1,55,415,4.5766779386056
PPIF,PPIC,547,576,4.57454733349891
CACNA1C,CACNB1,86,145,4.57026822883674
HTR3D,GLRA1,184,143,4.56178359627184
HTR3D,GLRA2,184,144,4.56178359627184
SCN1B,SCN8A,7,11,4.55595357792313
CACNG2,GRIA1,186,152,4.55300520341662
NME4,RRM1,362,50,4.55289105509843
FGFR1,FGFR4,47,341,4.54898604990924
CDK2,CDK4,261,348,4.53533044824619
MAPK3,MAP2K2,201,343,4.53056348612122
CDKN1A,E2F1,204,400,4.51354211227916
GART,IMPDH2,83,131,4.50760575304662
HSPA8,DNAJB11,242,575,4.49852499415379
KCNJ11,CACNA1D,89,169,4.49630305858861
TBL1XR1,HDAC3,477,267,4.49341966350533
CPLX1,STXBP1,453,544,4.48832896921688
JAK1,JAK2,331,330,4.46186144592981
POLA2,POLA1,138,194,4.44363113262533
MINK1,MAP4K4,397,549,4.43347328698539
HAPLN1,NCAN,319,316,4.43317846381082
IKBKB,PRKCQ,198,264,4.43041148941136
TOP1MT,TOP1,125,124,4.41355615160837
RXRG,VDR,106,0,4.41193015434322
JAK1,STAT5B,331,232,4.41109823529462
JUN,MAPK8,69,98,4.40689134691911
BCL2,BECN1,219,129,4.4042499544491
LCK,PRKCQ,230,264,4.39415763794046
RXRA,VDR,118,0,4.39142413906873
PSMB5,PSMB9,2,335,4.38737161690383
DNMT1,DNMT3A,189,248,4.38507596558695
PPARG,NCOA1,24,251,4.38129013097845
SYK,ZAP70,258,265,4.37901136951187
GART,IMPDH1,83,130,4.37862759650369
DHFR,ATIC,63,64,4.37207575776295
FGF1,FGFR2,309,338,4.36632675865242
PDGFRB,PIK3R1,45,538,4.36108604590334
MAPK14,MAPKAPK2,245,259,4.35768844565554
CDK6,E2F1,349,400,4.35365873305425
BAD,BCL2,358,219,4.3525755688496
HAPLN1,VCAN,319,317,4.3495379736755
MAPK1,MAP2K2,202,343,4.34546332954665
UBC,IKBKG,444,300,4.34078063196536
PPARG,MED1,24,535,4.34053628933839
NME4,CMPK1,362,51,4.33935664314102
CDK2,CCND1,261,200,4.33803132376059
RARA,NCOA1,112,251,4.33379181837885
NCOA1,NR1I2,251,6,4.32950046636757
JAK2,TYK2,330,333,4.32838278660869
IMPDH2,PPAT,131,246,4.32703083098461
MAPK1,MAP2K1,202,342,4.3241180213843
NR3C1,HSP90AA1,36,290,4.3223596754909
RARA,RXRB,112,105,4.31957852353323
GSK3B,MAPT,260,222,4.31914469033822
CDH5,KDR,55,43,4.31208444739976
HDAC2,HDAC8,21,269,4.30605144927769
HDAC1,HDAC8,205,269,4.30605144927769
HSPA2,DNAJB11,291,575,4.30337835204013
VDR,NCOA1,0,251,4.30198328280974
DNAJB6,HSPA8,459,242,4.30137128315171
AKT1,GSK3B,203,260,4.29883519197026
AKT1,MTOR,203,140,4.29696872818964
DDX5,DDX6,396,443,4.29471083833011
SLC29A1,SLC29A2,163,181,4.29194354517165
MAP2,MAP4,221,220,4.28708396716886
MED1,VDR,535,0,4.28274286847348
OBP2A,LCN1,115,114,4.27539665339226
CYP26C1,ALDH1A2,121,110,4.27289841565436
CYP26A1,ALDH1A2,119,110,4.27289841565436
CYP26B1,ALDH1A2,120,110,4.27289841565436
KIT,PIK3R1,46,538,4.26713592194044
AKT1,BAD,203,358,4.2647980505756
FGF1,FGFR4,309,341,4.25954285052642
FGF1,FGFR3,309,308,4.25560527911873
BAD,BCL2L2,358,357,4.25533771929719
GRB2,BCR,565,75,4.24282789411898
HSP90AA1,RAF1,290,41,4.2367071747957
CTDNEP1,CTDSPL2,411,490,4.23590730256655
MRFAP1,MORF4L2,472,474,4.23405941392379
PPIC,RANBP2,576,631,4.23198860453053
NCOA2,AR,252,37,4.23007399388792
CACNA1A,CACNA1D,88,169,4.22976152674315
CDH2,CTNND1,621,415,4.22899676295074
EGFR,SRC,25,228,4.22865268163358
TUBA4A,TUBB1,62,218,4.22825129791344
FRS2,GRB2,425,565,4.22540097349141
CACNG2,GRIA4,186,157,4.21692207522956
TUBA1A,TUBB1,65,218,4.21399070835517
PPIF,RANBP2,547,631,4.21215036636252
PIK3CD,PIK3R1,303,538,4.20888257957864
HDAC2,YY1,21,514,4.19678363741877
CYP26A1,ALDH1A1,119,108,4.19400125498364
ALDH1A1,CYP26C1,108,121,4.19400125491094
ALDH1A1,CYP26B1,108,120,4.19400125491094
PIK3CB,PIK3R1,304,538,4.1871411537116
MED1,MED13,535,528,4.18071018801056
NR3C2,NR1I2,32,6,4.17908778798883
GRB2,KIT,565,46,4.16290382287964
NR3C1,NR3C2,36,32,4.15839375494585
ERBB2,HSP90AA1,247,290,4.15493105810665
NR3C2,RARG,32,107,4.15467679848053
NR3C2,RARB,32,113,4.15467679848053
UBE2K,UBC,597,444,4.14368540305706
MOB4,STRN3,383,493,4.14130751262228
INO80,YY1,598,514,4.14043318594509
NR3C1,NCOA1,36,251,4.13022927198205
L1CAM,EZR,188,506,4.12937094629929
ADRA1B,ADRA1A,94,93,4.12908042461866
ESRRB,NR3C2,253,32,4.12883745966157
PDPK1,MAPK8,263,98,4.12596118733182
KDSR,CBR1,497,295,4.11523248986396
CACNA1A,CACNA1C,88,86,4.11515892723456
HTR2A,HTR2C,101,213,4.10940367650753
PPARA,NCOA1,22,251,4.10154061666665
ESRRG,NR3C2,97,32,4.09534666576154
EIF5,EIF5B,390,523,4.09105425211429
PTK2B,SRC,250,228,4.08999569753155
UBE2Z,UBA1,559,294,4.08930362676508
CDKN1A,MAPK8,204,98,4.08336120162257
DNAJB6,HSPA2,459,291,4.08274991099647
HDAC1,MIER1,205,442,4.07775369832618
YY1,HDAC3,514,267,4.07767648584572
NR3C2,RXRG,32,106,4.07475500195664
NCOA2,VDR,252,0,4.07450553841936
CHRNA5,CHRNA10,172,148,4.07088095337991
CHRNA2,CHRNA10,154,148,4.07088095337991
CHRNA7,CHRNA10,165,148,4.07088095337991
CHRNA3,CHRNA10,171,148,4.07088095337991
CHRNB4,CHRNA10,170,148,4.07088095337991
CHRNA10,CHRNA6,148,173,4.07088095337991
CHRNA4,CHRNA10,126,148,4.07088095337991
CHRNB3,CHRNA10,174,148,4.07088095337991
CLTC,AP2B1,375,475,4.0687143068625
DNMT1,HDAC1,189,205,4.06423313070338
RARG,RXRB,107,105,4.05579808751035
HDAC3,HDAC9,267,18,4.04761680832651
CACNG2,CACNA1B,186,87,4.04694570106498
RAF1,RAP1A,41,602,4.04437413610133
ERBB2,SRC,247,228,4.04377519511088
PARP2,LIG3,351,14,4.02801613166268
VCAN,NCAN,317,316,4.02274962842943
SCN1A,SCN1B,5,7,4.01715946236323
HDAC1,HDAC9,205,18,4.0152798439761
MAP3K2,MAP2K4,516,566,4.01066611188003
SCN1B,SCN5A,7,4,4.00458516019166
PML,RARA,206,112,3.99847590297591
MAPK8,MAP2K1,98,342,3.99460749912394
HSP90AA1,AR,290,37,3.99179070027892
PARP3,PARP1,352,350,3.99103947793919
ALDOA,GPI,409,591,3.99077030838493
CMPK1,TYMS,51,15,3.98596681059967
MED1,RARA,535,112,3.98538016783637
JAK2,JAK3,330,332,3.98234595325972
IMPDH1,PPAT,130,246,3.98122466256147
NCOA2,RARA,252,112,3.97869119350209
ERBB2,GRB2,247,565,3.97860026973991
ESR2,NCOA1,39,251,3.97398364313944
DDR2,DDR1,339,79,3.97077480839994
AHR,HSP90AA1,285,290,3.963181404
NR3C2,VDR,32,0,3.96298632146462
CYP1B1,CYP17A1,255,33,3.96125916302587
CHRNB2,CHRNA10,159,148,3.96086158810778
RAD23B,UBC,525,444,3.9588240978017
PPARD,RXRG,23,106,3.95420983502821
UBE2E3,UBA1,463,294,3.94345701230048
ESR1,MED1,31,535,3.9419516981489
PDGFRB,SRC,45,228,3.93891062401427
ESR1,SRC,31,228,3.93861795380134
GRB2,PIK3R1,565,538,3.93419851911441
DHFR,GART,63,83,3.93193674248698
ADRA1D,ADRA1B,95,94,3.93016777146718
CYP11B1,CYP26A1,84,119,3.92887563920001
PSMB9,PSMB10,335,337,3.92863042248768
NME4,TYMS,362,15,3.9268613727889
MAPK8,MAP2K2,98,343,3.92667478280963
CEBPA,RARA,418,112,3.92577184141074
CACNA1C,CACNA1S,86,168,3.92059375236935
HTR2A,HTR2B,101,104,3.91407499973736
TUBD1,TUBE1,66,68,3.90913641147537
RRM1,TYMS,50,15,3.9091006742128
HTR2B,HTR2C,104,213,3.90541895926186
PIK3R1,SRC,538,228,3.90537478813782
NR0B1,PPARG,223,24,3.90478064966219
RUVBL2,INO80,292,598,3.90396052906741
PPARD,NCOA1,23,251,3.90371065164693
AR,NCOA1,37,251,3.89955167674232
MAPK11,MAPKAPK2,340,259,3.89874640355524
CSK,SRC,237,228,3.89614747454971
RAF1,YWHAG,41,454,3.88475961408674
AKT1,HSP90AA1,203,290,3.88348818382233
CACNA1D,CACNA1S,169,168,3.88274380772731
SCN4A,SCN8A,137,11,3.87957868038465
ABL1,GRB2,80,565,3.87912708230262
NR3C2,RXRA,32,118,3.87375324439569
SH2B3,KIT,310,46,3.87273541689791
HDAC2,MIER1,21,442,3.86838321997136
SCN1B,SCN4A,7,137,3.86806475271616
HTR3C,CHRNA6,185,173,3.86725297896879
CHRNA3,HTR3E,171,182,3.86725297896879
HTR3E,CHRNA9,182,166,3.86725297896879
CHRNA2,HTR3E,154,182,3.86725297896879
CHRNB4,HTR3C,170,185,3.86725297896879
CHRNA5,HTR3C,172,185,3.86725297896879
HTR3E,CHRNA6,182,173,3.86725297896879
CHRNA5,HTR3E,172,182,3.86725297896879
CHRNA2,HTR3C,154,185,3.86725297896879
HTR3E,CHRNA10,182,148,3.86725297896879
CHRNB3,HTR3E,174,182,3.86725297896879
CHRNB3,HTR3C,174,185,3.86725297896879
CHRNA7,HTR3E,165,182,3.86725297896879
CHRNB4,HTR3E,170,182,3.86725297896879
HTR3C,CHRNA9,185,166,3.86725297896879
CHRNA7,HTR3C,165,185,3.86725297896879
CHRNA4,HTR3E,126,182,3.86725297896879
CHRNA3,HTR3C,171,185,3.86725297896879
CHRNA4,HTR3C,126,185,3.86725297896879
HTR3C,CHRNA10,185,148,3.86725297896879
RXRA,NR1I2,118,6,3.85916324735227
H2AX,MACROH2A1,554,487,3.85779824913078
FLT4,VEGFA,42,305,3.85396486954283
FYN,MAPT,234,222,3.85357276141961
CYP11B1,CYP26B1,84,120,3.84891033116085
CYP11B1,CYP26C1,84,121,3.84891033116085
LCK,SYK,230,258,3.84400771390826
BRAF,YWHAG,40,454,3.83238192432173
ABL2,SRC,233,228,3.83183671208103
UBA1,UBE2D3,294,486,3.82775691538787
PARP1,H2AX,350,554,3.82774625236785
CACNB1,CACNG1,145,153,3.82329024922597
CACNG2,CACNG1,186,153,3.82329024922597
CACNG2,CACNA1A,186,88,3.81384240131792
ADRA1B,HTR2C,94,213,3.8100467620127
ATIC,TYMS,64,15,3.80782254380646
EGFR,MAPK8,25,98,3.80751075513577
FYN,SRC,234,228,3.80618163024956
CTNND1,EGFR,415,25,3.79765525473005
GABRB2,HTR3E,135,182,3.79460148129307
HTR3C,GABRB1,185,167,3.79460148129307
HTR3C,GABRB2,185,135,3.79460148129307
GABRB3,HTR3E,136,182,3.79460148129307
GABRB1,HTR3E,167,182,3.79460148129307
HTR3C,GABRB3,185,136,3.79460148129307
KDR,SRC,43,228,3.79445682832422
HAPLN1,HAPLN3,319,320,3.78696607118381
JUN,COP1,69,605,3.78600486167866
RUVBL2,YY1,292,514,3.77650383900812
NCOA2,NR3C1,252,36,3.74978202545591
HDAC6,UBC,268,444,3.74803604556035
SRCAP,RUVBL2,610,292,3.74501069522321
ICAM1,VCAM1,314,162,3.74164874801905
HTR3D,CHRNA10,184,148,3.74099056094234
CHRNA2,HTR3D,154,184,3.74099056094234
CHRNA7,HTR3D,165,184,3.74099056094234
CHRNB3,HTR3D,174,184,3.74099056094234
CHRNA4,HTR3D,126,184,3.74099056094234
HTR3D,CHRNA9,184,166,3.74099056094234
CHRNA5,HTR3D,172,184,3.74099056094234
HTR3D,CHRNA6,184,173,3.74099056094234
CHRNB4,HTR3D,170,184,3.74099056094234
CHRNA3,HTR3D,171,184,3.74099056094234
HDAC7,HDAC3,297,267,3.7309263409445
HTR3C,GABRE,185,177,3.73069725292063
HTR3C,GABRQ,185,179,3.73069725292063
GABRP,HTR3E,178,182,3.73069725292063
GABRD,HTR3E,180,182,3.73069725292063
GABRE,HTR3E,177,182,3.73069725292063
HTR3C,GABRP,185,178,3.73069725292063
HTR3C,GABRD,185,180,3.73069725292063
HTR3E,GABRQ,182,179,3.73069725292063
G3BP1,G3BP2,420,385,3.7306916808279
CHRNB2,HTR3E,159,182,3.7295344673547
CHRNB2,HTR3C,159,185,3.7295344673547
MAPK8,RAF1,98,41,3.7260139814907
PTK2B,FYN,250,234,3.72393372004582
HTR3C,GABRA4,185,150,3.72135742162741
GABRA4,HTR3E,150,182,3.72135742162741
HTR3C,GABRA2,185,147,3.72135742162741
GABRA5,HTR3E,149,182,3.72135742162741
HTR3C,GABRA5,185,149,3.72135742162741
HTR3C,GABRA3,185,151,3.72135742162741
HTR3C,GABRA6,185,155,3.72135742162741
GABRA1,HTR3E,141,182,3.72135742162741
GABRA2,HTR3E,147,182,3.72135742162741
HTR3C,GABRA1,185,141,3.72135742162741
GABRA3,HTR3E,151,182,3.72135742162741
GABRA6,HTR3E,155,182,3.72135742162741
CYP17A1,CYP26A1,33,119,3.71647073831522
KIF3B,KIF23,504,395,3.71098863918298
HTR3C,GABRG3,185,176,3.71013395455821
HTR3C,GABRG1,185,175,3.71013395455821
GABRG3,HTR3E,176,182,3.71013395455821
GABRG1,HTR3E,175,182,3.71013395455821
HAPLN3,NCAN,320,316,3.70710674609278
HTR1B,HTR1D,74,208,3.6994229114693
GADD45A,E2F1,482,400,3.69460595106134
ITK,ZAP70,257,265,3.69168933247482
DRD2,DRD4,102,212,3.6802184780406
TOP2A,TYMS,52,15,3.6764493297183
CACNG2,GRIA3,186,158,3.67555172287382
PPARG,RXRB,24,105,3.66484794727274
PPARD,RXRA,23,118,3.66327364798213
PSMB8,PSMB10,334,337,3.66134511960598
EIF4G1,HNRNPD,618,530,3.65941972685808
HTR3D,GABRB3,184,136,3.65860239917214
HTR3D,GABRB1,184,167,3.65860239917214
HTR3D,GABRB2,184,135,3.65860239917214
GSTP1,MAPK8,354,98,3.65525792351204
KCNJ3,CACNA1A,160,88,3.65431549567915
EIF4G1,EIF5B,618,523,3.65223819270495
CHRM1,ADRA1B,266,94,3.64784753907295
CHRM1,HTR2C,266,213,3.64774369193535
GLRA1,HTR3B,143,183,3.64584719607907
GLRA2,HTR3B,144,183,3.64584719607907
GLRA1,HTR3A,143,146,3.64584719607907
GLRA2,HTR3A,144,146,3.64584719607907
GLRA1,GLRA2,143,144,3.64584719607907
HDAC6,TUBA1A,268,65,3.64402546532396
UBE2E3,UBE2D3,463,486,3.64300567947807
PCBP1,QKI,537,447,3.63594222227758
GABRG1,GABRQ,175,179,3.63226918286394
GABRE,GABRQ,177,179,3.63226918286394
GABRG3,GABRP,176,178,3.63226918286394
GABRD,GABRG3,180,176,3.63226918286394
GABRD,GABRP,180,178,3.63226918286394
GABRG1,GABRG3,175,176,3.63226918286394
GABRE,GABRG1,177,175,3.63226918286394
GABRP,GABRQ,178,179,3.63226918286394
GABRD,GABRG1,180,175,3.63226918286394
GABRE,GABRP,177,178,3.63226918286394
GABRG1,GABRP,175,178,3.63226918286394
GABRD,GABRE,180,177,3.63226918286394
GABRD,GABRQ,180,179,3.63226918286394
GABRE,GABRG3,177,176,3.63226918286394
CCND1,HDAC3,200,267,3.62941195284311
VCAN,CD44,317,313,3.61273896011949
PCBP1,SF1,537,507,3.61259583362175
HDAC2,ZNF217,21,401,3.61035797982783
HCK,ADAM15,275,368,3.60801149010732
RARB,RXRA,113,118,3.60542140533437
TAOK1,MAP4K4,555,549,3.60304355931128
HAPLN3,VCAN,320,317,3.59992429649912
PSME3,PSMB9,515,335,3.59887593791202
KCNJ6,CACNA1B,161,87,3.59865535555831
GADD45A,CCND1,482,200,3.5982138381435
ATP2C1,ATP2A2,225,489,3.59543035029651
AKT1,MAPK8,203,98,3.5944231133454
ABL1,SRC,80,228,3.59365584397524
GNG5,KCNJ3,359,160,3.59192712978355
IRF2BP2,VGLL4,492,545,3.58757141738393
HTR3D,GABRQ,184,179,3.58367903287851
HTR3D,GABRD,184,180,3.58367903287851
HTR3D,GABRP,184,178,3.58367903287851
HTR3D,GABRE,184,177,3.58367903287851
GABRA2,GABRG1,147,175,3.58350938652068
GABRA1,GABRG1,141,175,3.58350938652068
GABRA5,GABRD,149,180,3.58350938652068
GABRA6,GABRE,155,177,3.58350938652068
GABRA1,GABRE,141,177,3.58350938652068
GABRA5,GABRE,149,177,3.58350938652068
GABRA3,GABRP,151,178,3.58350938652068
GABRA6,GABRP,155,178,3.58350938652068
GABRA4,GABRE,150,177,3.58350938652068
GABRA4,GABRD,150,180,3.58350938652068
GABRA6,GABRD,155,180,3.58350938652068
GABRA2,GABRE,147,177,3.58350938652068
GABRA5,GABRG1,149,175,3.58350938652068
GABRA6,GABRG1,155,175,3.58350938652068
GABRA4,GABRG1,150,175,3.58350938652068
GABRA5,GABRP,149,178,3.58350938652068
GABRA1,GABRP,141,178,3.58350938652068
GABRA3,GABRD,151,180,3.58350938652068
GABRA2,GABRD,147,180,3.58350938652068
GABRA3,GABRG1,151,175,3.58350938652068
GABRA4,GABRP,150,178,3.58350938652068
GABRA3,GABRE,151,177,3.58350938652068
GABRA2,GABRP,147,178,3.58350938652068
GABRA1,GABRD,141,180,3.58350938652068
CHRNB2,HTR3D,159,184,3.58231069719397
KCNJ6,CACNA1A,161,88,3.58221259161753
FYN,ZAP70,234,265,3.57514418087682
HTR3D,GABRA6,184,155,3.57269013218988
HTR3D,GABRA5,184,149,3.57269013218988
HTR3D,GABRA3,184,151,3.57269013218988
HTR3D,GABRA4,184,150,3.57269013218988
HTR3D,GABRA2,184,147,3.57269013218988
HTR3D,GABRA1,184,141,3.57269013218988
GABRB1,GABRD,167,180,3.56866121202421
GABRB2,GABRG1,135,175,3.56866121202421
GABRB1,GABRG1,167,175,3.56866121202421
GABRB3,GABRG1,136,175,3.56866121202421
GABRB1,GABRP,167,178,3.56866121202421
GABRB2,GABRP,135,178,3.56866121202421
GABRB3,GABRP,136,178,3.56866121202421
GABRB2,GABRE,135,177,3.56866121202421
GABRB3,GABRE,136,177,3.56866121202421
GABRB1,GABRE,167,177,3.56866121202421
GABRB2,GABRD,135,180,3.56866121202421
GABRB3,GABRD,136,180,3.56866121202421
MED1,NCOA1,535,251,3.56798342912576
LYVE1,STAB2,327,323,3.56270576395855
PSMB1,PSMB8,3,334,3.56197921214753
CEBPA,GRIN3A,418,142,3.56089976272076
HTR3D,GABRG1,184,175,3.55948170564394
HTR3D,GABRG3,184,176,3.55948170564394
EIF4G1,MTOR,618,140,3.55811941544018
RXRB,VDR,105,0,3.54965014886483
NTRK1,MAP2K2,76,343,3.54513343948871
PTK2B,GRB2,250,565,3.54264307442097
RARB,NCOA1,113,251,3.54255679599912
NTRK1,MAP2K1,76,342,3.54061445082742
AHR,ESR1,285,31,3.53991403922171
DAB2,GRB2,403,565,3.53888639244613
ABL2,HCK,233,275,3.53290257261187
G6PD,GSR,377,12,3.52941488257271
HDAC7,HDAC9,297,18,3.52513240119488
DCK,PUDP,195,367,3.52366152785292
EPHA5,EPHB4,238,239,3.52323695375669
EIF4G1,EIF5,618,390,3.5213194403443
ZBTB18,DNMT3A,593,248,3.51846256458019
HTR1A,HTR2A,73,101,3.51539967972767
GNG5,KCNJ6,359,161,3.51228139425247
NLK,MAPK1,363,202,3.51214075850816
NLK,MAPK3,363,201,3.51214075850816
FTL,TF,589,60,3.5115644811694
EIF4G2,EIF5B,408,523,3.50763632072974
TUBB,TUBA1A,29,65,3.50717690176615
SCN1A,SCN3A,5,8,3.50127809009054
HCK,SRC,275,228,3.50004090361079
FRS2,FGFR2,425,338,3.49569181153705
PARP1,MACROH2A1,350,487,3.49254677072045
HSD17B1,CBR1,271,295,3.49119887012249
KIT,LYN,46,243,3.49043246424174
CHORDC1,HSP90AB1,439,301,3.47757180654494
NR3C2,RXRB,32,105,3.46881640258002
RARG,NCOA1,107,251,3.46573592034838
LYN,SRC,243,228,3.46247884327836
NR0B1,AR,223,37,3.46030781925372
CSK,FRK,237,241,3.45799437446758
SRC,ADAM15,228,368,3.45497850970888
NR3C2,RARA,32,112,3.45329570719926
CDK4,HSP90AA1,348,290,3.45148360918145
TOP1,TOP2A,124,52,3.45010310457723
DNAJB6,DNAJB11,459,575,3.44932586293561
MAPK14,MAPK1,245,202,3.44841774806064
JAK3,TYK2,332,333,3.44314941297423
TUBB,AKT1,29,203,3.44118038869552
FYN,PDGFRB,234,45,3.42676705152944
SLC29A2,ARL2,181,496,3.42575356103956
SLC29A1,ARL2,163,496,3.42575356103956
CYP19A1,CYP26A1,192,119,3.42472465088758
RAD23B,ZFAND5,525,617,3.42258307815907
ITK,SRC,257,228,3.41913493705249
CACNA1D,IKBKG,169,300,3.41707666448961
PDGFRA,MAPK8,78,98,3.4150065391361
E2F1,HDAC1,400,205,3.41409653724881
CSNK2B,NOLC1,288,193,3.40741196199523
ESRRA,NCOA1,254,251,3.40579720339493
KCNJ11,CACNA1A,89,88,3.40216799032371
GART,TYMS,83,15,3.40156180144154
ACSL4,HACD3,520,374,3.40101899183675
FYN,LCK,234,230,3.39828112231295
RXRG,NR1I2,106,6,3.39533902357724
YY1,EED,514,510,3.39241492707451
ESRRA,NR3C2,254,32,3.39170346280442
FGR,SYK,240,258,3.38881158109983
HSP90AA1,KCNH2,290,9,3.38877239401313
EZR,CD44,506,313,3.38816609026538
CACNA1S,CACNG1,168,153,3.38529259551266
TUBB,TUBA4A,29,62,3.3848540658567
CDK4,GADD45A,348,482,3.37939343997754
LCK,ADAM15,230,368,3.37546934677734
CACNA1B,CACNB1,87,145,3.37506364723371
PDPK1,PRKCQ,263,264,3.37063811049676
PIK3CA,CACNA1C,302,86,3.3664917108277
PIK3CD,CACNA1C,303,86,3.3664917108277
PIK3CB,CACNA1C,304,86,3.3664917108277
ADRA1D,ADRA1A,95,93,3.36621432223503
HDAC1,ARID4B,205,379,3.36222674170147
ESR1,ESR2,31,39,3.36191556754394
KDSR,HSD17B1,497,271,3.35756718746718
NCAN,L1CAM,316,188,3.35744684059681
EIF4G2,EIF5,408,390,3.35511286654834
ESR2,GPER1,39,127,3.35361428849179
UBE2K,UBE2D3,597,486,3.34992010024188
FPGS,GART,16,83,3.34795165443781
UBE2D3,PJA2,486,536,3.34426585377551
ACSL4,ELOVL5,520,586,3.33634120186825
UBC,UBE2D3,444,486,3.33433689574966
AKT1,JUN,203,69,3.33380580707003
AR,NR3C2,37,32,3.33248369882262
NR3C2,PGR,32,30,3.33011527049627
HIF1A,VEGFA,632,305,3.32900500100063
ZNF521,HDAC1,579,205,3.3287209550939
PIK3R1,CACNA1C,538,86,3.32839043265858
NCOA2,MED1,252,535,3.32766586081813
MAPK1,MAPKAPK2,202,259,3.32680522126192
ABL1,STAT5B,80,232,3.32679445076397
ESR1,PGR,31,30,3.3256804064582
CACNA1C,IKBKG,86,300,3.32404851351666
COL5A1,DDR2,577,339,3.31991747880869
DRD2,DRD5,102,214,3.31742861989446
MAPT,PLEC,222,626,3.31556665912592
MSN,VCAM1,426,162,3.30404160514535
NR3C2,PPARA,32,22,3.29865918924724
NR3C2,NR4A3,32,236,3.29865918924724
NR3C2,PPARD,32,23,3.29865918924724
HCK,LYN,275,243,3.29655721576551
PARP1,POLB,350,191,3.28797810989776
NCOA2,PPARA,252,22,3.28333378434717
CDK6,MAPK8,349,98,3.28328670315944
RXRB,NR1I2,105,6,3.28262868106656
PDPK1,PIK3CA,263,302,3.27831270807216
KCNJ3,CACNA1B,160,87,3.27250446995346
PPARG,HDAC3,24,267,3.2676055642649
MAPK11,CCND1,340,200,3.25706136488163
EGFR,FRK,25,241,3.25636866646965
HDAC1,EMSY,205,394,3.25419688551671
LYVE1,HMMR,327,315,3.25397447896118
ARL6IP1,NDRG4,484,462,3.25329410704446
CSNK2A1,NOLC1,287,193,3.25143173541315
SRSF1,TOP1,563,124,3.25060486007033
CPLX1,SYT1,453,595,3.24926862558451
EGFR,PIK3R1,25,538,3.24725368300486
NTRK1,RAP1A,76,602,3.24657553857074
CYP1B1,CYP11B1,255,84,3.24137203141064
MAPK14,RAF1,245,41,3.24059231178035
ESR1,NR3C2,31,32,3.23872331853838
ESR2,NR3C2,39,32,3.23872331853838
HDAC6,HDAC7,268,297,3.23799619485405
CACNG2,TPM1,186,572,3.23262099063145
TPM1,CACNG1,572,153,3.23262099061122
TPM1,CACNB1,572,145,3.23262099061122
PSMB2,PSMB9,336,335,3.23217585620986
NR3C2,PPARG,32,24,3.23122887766306
CHORDC1,HSP90AA1,439,290,3.22787708810896
ABL1,HCK,80,275,3.22141056442342
CACNA1A,CACNB1,88,145,3.22012202045535
ERBB2,PIK3R1,247,538,3.21981332273322
RARG,RXRA,107,118,3.2155714406455
SCN4A,SCN5A,137,4,3.20742725883219
SCN1A,SCN5A,5,4,3.20742725883219
SCN1B,SCN3A,7,8,3.20742725883219
SCN1B,SCN2A,7,10,3.20742725883219
SCN3A,SCN4A,8,137,3.20742725883219
SCN1A,SCN4A,5,137,3.20742725883219
SCN3A,SCN5A,8,4,3.20742725883219
SCN5A,SCN8A,4,11,3.20742725883219
SCN1A,SCN8A,5,11,3.20742725883219
SCN2A,SCN5A,10,4,3.20742725883219
SCN1A,SCN2A,5,10,3.20742725883219
SCN2A,SCN4A,10,137,3.20742725883219
CYP19A1,FDX1,192,85,3.20646474994407
RAP1A,BRAF,602,40,3.19704056966869
CYP11B1,FDX1,84,85,3.19694066156228
MAPK1,RAF1,202,41,3.19378120525481
HMMR,STAB2,315,323,3.1934227923405
DRD2,DRD3,102,207,3.19229234622609
UBC,ZFAND5,444,617,3.19150629729148
UBC,UBA1,444,294,3.18776684312601
COL5A1,DDR1,577,79,3.18427866
AKT1,MAP2K4,203,566,3.18387985731365
FTL,PUM1,589,539,3.17949255987111
PIK3CA,CACNA1D,302,169,3.17730866549307
PIK3CB,CACNA1D,304,169,3.17730866549307
PIK3CD,CACNA1D,303,169,3.17730866549307
ADRB1,ADRB3,70,72,3.17614846202085
PIK3CD,TUBA4A,303,62,3.16972888328605
PIK3CA,CACNA1S,302,168,3.16805413902391
PIK3CB,CACNA1S,304,168,3.16805413902391
PIK3CD,CACNA1S,303,168,3.16805413902391
CYP1B1,FDX1,255,85,3.16057025325929
CYP17A1,HSD17B1,33,271,3.1603753604248
HRH1,HTR2B,103,104,3.15318188088229
HRH1,HTR2A,103,101,3.15248874196882
IKBKB,CACNA1D,198,169,3.15155400897633
STXBP1,SYT1,544,595,3.14912030612543
HMMR,MAPK1,315,202,3.14817679244654
HRH1,HTR2C,103,213,3.14355455711082
KIT,YES1,46,231,3.1435311631181
MAPK14,EGFR,245,25,3.14193629838523
HIF1A,UBC,632,444,3.13802137582862
DCK,NME4,195,362,3.12894930416217
HSP90AA1,VEGFA,290,305,3.12205786180697
JAK2,PIK3R1,330,538,3.11959461790105
MAPK14,MAP2K4,245,566,3.1175378955765
FGFR3,PDGFRA,308,78,3.11584003454364
DNAJB11,PPIC,575,576,3.11209923781727
CCN2,HIPK1,518,578,3.10941650204716
CYP1B1,HSD17B1,255,271,3.10583453481607
PDK4,RXRG,117,106,3.10543828207454
PDK4,RARB,117,113,3.10543828207454
PDK4,RARG,117,107,3.10543828207454
SCN4A,CACNB1,137,145,3.1040535697028
SCN5A,CACNB1,4,145,3.1040535697028
SCN1B,CACNB1,7,145,3.1040535697028
SCN8A,CACNB1,11,145,3.1040535697028
SCN3A,CACNB1,8,145,3.1040535697028
SCN1A,CACNB1,5,145,3.1040535697028
SCN2A,CACNB1,10,145,3.1040535697028
ERBB2,CD44,247,313,3.10397271785306
FPGS,TYMS,16,15,3.09538854699449
NR3C1,SMARCD1,36,625,3.09337050343031
AR,CCND1,37,200,3.09210671609573
IMPDH2,NME4,131,362,3.09209983828731
IMPDH1,NME4,130,362,3.09209983828731
KCNJ11,CACNA1C,89,86,3.0912689164823
ACTB,ARID1A,286,380,3.08358512560308
ACTB,SMARCD1,286,625,3.08358512560308
NR3C1,MED1,36,535,3.08299050476669
DNMT3B,HDAC1,249,205,3.08266810110144
CSK,EGFR,237,25,3.08233109346209
PIK3R1,CACNA1D,538,169,3.08014165683814
PRKCQ,ZAP70,264,265,3.07940220044157
LIG3,POLB,14,191,3.07619723702119
MAPK3,BRAF,201,40,3.07563781747847
SRRM2,PNN,629,534,3.07391057739596
SCN4A,CACNA1C,137,86,3.07149779544915
SCN1A,CACNA1C,5,86,3.07149779544915
SCN3A,CACNA1C,8,86,3.07149779544915
SCN5A,CACNA1C,4,86,3.07149779544915
SCN2A,CACNA1C,10,86,3.07149779544915
SCN1B,CACNA1C,7,86,3.07149779544915
SCN8A,CACNA1C,11,86,3.07149779544915
DNAJB6,PPIC,459,576,3.0673209527857
ARL2,TBL1XR1,496,477,3.0668337326901
DCK,RRM1,195,50,3.065125559
PPARA,RXRG,22,106,3.0648421922863
RRM1,TXNRD1,50,199,3.06373776409235
TOP1,TOP2B,124,99,3.06281896233966
ABL2,GSK3B,233,260,3.06162550452739
NR3C1,ARID1A,36,380,3.06109865859394
AP2B1,POM121,475,551,3.05959357461136
PIK3R1,CACNA1S,538,168,3.0589130452511
GRB2,ADAM15,565,368,3.05763143534944
ABL1,MAPT,80,222,3.05188740524825
BAD,RAF1,358,41,3.04971589768613
FNTB,ARL2,299,496,3.04923768488709
SPTSSA,KDSR,448,497,3.04709356345438
FRK,SRC,241,228,3.04366709784152
SRC,YES1,228,231,3.04366709784152
FGR,SRC,240,228,3.04366709784152
PTK6,SRC,306,228,3.04366709784152
CACNA1S,IKBKG,168,300,3.0423320249951
ERBB2,MET,247,329,3.04073172585393
PDK4,PPARD,117,23,3.04018518617234
PTGS2,CBR1,56,295,3.03932738716062
HTR1A,HTR7,73,216,3.03932738675655
IKBKB,CACNA1C,198,86,3.03906119221253
CSF1R,KIT,77,46,3.03888039196237
ATIC,TOP2B,64,99,3.03861861908196
ATIC,TOP2A,64,52,3.03861861908196
PHB2,ESR1,312,31,3.03746613251438
H2AX,SSRP1,554,628,3.03690861834903
SRC,BTK,228,235,3.02919624275939
MAPK3,RAF1,201,41,3.02865480278711
GRB2,PDGFRB,565,45,3.02820222730401
IMPDH1,RRM1,130,50,3.02622955200893
IMPDH2,RRM1,131,50,3.02622955200893
KCNC4,KCNH2,388,9,3.02470348285152
PPARD,RXRB,23,105,3.01864453052814
DAB2,FGR,403,240,3.01690237418628
ABL1,PIK3R1,80,538,3.01406242167222
HDAC2,EED,21,510,3.01274172789587
PAFAH1B1,TBL1XR1,382,477,3.01216669611637
SYT1,CACNA1A,595,88,3.01197221059993
HTR1A,HTR2B,73,104,3.01048918691539
HTR1A,HTR2C,73,213,3.01048918691539
GRB2,RET,565,48,3.01037121393921
PDK4,RARA,117,112,3.01012847546117
HDAC8,HDAC9,269,18,3.0081689801768
HDAC7,HDAC8,297,269,3.0081689801768
LIG3,MPG,14,58,3.00437415285703
CHRM1,PIK3CA,266,302,3.00299483241331
RARA,HDAC3,112,267,3.00282177540706
FPGS,PPAT,16,246,3.00273348728249
CTNND1,ABL1,415,80,3.00225921333414
GABRA4,CACNA1A,150,88,2.99940973495362
GABRA5,CACNA1A,149,88,2.99940973495362
GABRA2,CACNA1A,147,88,2.99940973495362
GABRA3,CACNA1A,151,88,2.99940973495362
GABRA6,CACNA1A,155,88,2.99940973495362
GABRA1,CACNA1A,141,88,2.99940973495362
CEBPB,PPARG,296,24,2.990283149
HSPA8,PPIC,242,576,2.98972080018161
NCOA2,HDAC3,252,267,2.9895500249289
KIT,LCK,46,230,2.9870226411645
ACTB,SPTBN2,286,495,2.98665918804088
HSPA2,PPIC,291,576,2.98634919566483
FTL,IREB2,589,613,2.98615525231783
ALK,JAK3,328,332,2.98404478191414
MAPK14,MTOR,245,140,2.98370981440793
NCOA2,TXNRD1,252,199,2.98296076413287
IKBKB,MAP4K4,198,549,2.98189785724291
CHRM1,PIK3R1,266,538,2.97874863547747
PIK3R1,TUBA4A,538,62,2.97856839484618
PIK3R1,TUBA1A,538,65,2.97856839484618
FLT3,SYK,44,258,2.97604569603882
PSMB1,PSMB9,3,335,2.97457236139692
NOS2,PML,224,206,2.97408852108302
KIT,SRC,46,228,2.97298806909274
WIPI2,BECN1,500,129,2.97202019557609
GABRB2,CACNA1A,135,88,2.97163589282259
GABRB3,CACNA1A,136,88,2.97163589282259
GABRB1,CACNA1A,167,88,2.97163589282259
AKT1,TUBB1,203,218,2.96966243034752
ABL1,OGDH,80,19,2.96588491494904
FRS2,MAPK1,425,202,2.96346362516729
IKBKB,CACNA1S,198,168,2.96334952607455
GRIA2,PIK3CA,156,302,2.96314903789118
GRIA2,PIK3CB,156,304,2.96314903789118
GRIA2,PIK3CD,156,303,2.96314903789118
HDAC7,YWHAG,297,454,2.96262250822516
UBE2Z,UBE2D3,559,486,2.95897442148417
TUBB,PIK3R1,29,538,2.95856104339446
PIK3R1,TUBB1,538,218,2.9585610433038
IKBKB,PDPK1,198,263,2.95818714258431
SRC,VDR,228,0,2.95806417283801
RAF1,CALU,41,450,2.9569145514125
FLT3,KIT,44,46,2.95333146659235
NR0B1,NR3C1,223,36,2.95082071047466
MINDY2,UBC,540,444,2.94841718940618
LCK,SRC,230,228,2.94782615908356
PSME3,PSMB10,515,337,2.94546743168152
MAPT,VIM,222,413,2.9438819665192
CCT5,STRN3,464,493,2.94264640968568
IMPDH2,CRBN,131,53,2.941265037
PIK3R1,CACNA1A,538,88,2.94113887946319
JUN,PDGFRA,69,78,2.93907184424989
ESRRB,NRBP1,253,502,2.93889490363786
ESRRG,NRBP1,97,502,2.93889490363786
NR0B1,NRBP1,223,502,2.93889490363786
NR0B1,ESRRB,223,253,2.93889490363786
PSME3,PSMB8,515,334,2.93816344437832
LCK,CD44,230,313,2.93645891
PIK3CA,CACNA1A,302,88,2.93199435441944
HSPA8,MAP2K1,242,342,2.91897480949224
ABL1,TUB,80,428,2.91575790191356
FLT1,PIK3R1,49,538,2.91575491728599
AKT1,TUBA1A,203,65,2.91505149712621
AKT1,TUBA4A,203,62,2.91505149712621
LCK,BTK,230,235,2.91404434484126
HDAC1,ZNF217,205,401,2.91288604883435
ETS1,MAPK1,437,202,2.90895670050488
NR3C2,NCOA1,32,251,2.90627105181105
CDKN1A,ZFHX3,204,558,2.90599308744728
GRIA1,PIK3R1,152,538,2.90332920989001
ABCC5,GART,353,83,2.90329290877064
CDK6,GADD45A,349,482,2.9023814632268
GABRB2,CACNA1B,135,87,2.90132536377378
GABRB1,CACNA1B,167,87,2.90132536377378
GABRB3,CACNA1B,136,87,2.90132536377378
EGFR,MET,25,329,2.89710516769664
PARP1,LIG3,350,14,2.89632501736451
ERBB2,PTK6,247,306,2.89507828640047
PIM1,BAD,256,358,2.89244947806207
GRIA2,PIK3R1,156,538,2.89126345914155
GRIA1,PIK3CD,152,303,2.89100363102416
GRIA1,PIK3CA,152,302,2.89100363102416
GRIA1,PIK3CB,152,304,2.89100363102416
CACNA1S,CACNB1,168,145,2.89093720760927
CACNG2,CACNA1S,186,168,2.8909372063143
ERBB2,ABL2,247,233,2.88978525439605
EGFR,ZAP70,25,265,2.88972057868521
CDH5,VCAM1,55,162,2.88942919555186
MAPK11,RAF1,340,41,2.88788691560727
MAP3K2,YWHAG,516,454,2.88258463747854
GABRB2,KCNJ6,135,161,2.88213505307747
GABRB3,KCNJ6,136,161,2.88213505307747
GABRB1,KCNJ6,167,161,2.88213505307747
AKT1,CACNA1C,203,86,2.87753587412037
CCT5,HDAC3,464,267,2.87732755191177
AHR,NQO2,285,284,2.87652901395319
CACNA1C,CACNA1G,86,90,2.87549634075548
CSF1R,GRB2,77,565,2.87480941136704
FGR,HCK,240,275,2.8745522363388
ESRRG,NR1I2,97,6,2.87379884910989
NR0B1,NR1I2,223,6,2.87379884910989
ESRRB,NR1I2,253,6,2.87379884910989
NRBP1,NR1I2,502,6,2.87379884910989
SERP1,DNAJB11,542,575,2.86361926583438
SNX5,PUM1,550,539,2.86361889523117
SH2B3,ERBB2,310,247,2.86257660348188
FLT1,TEK,49,307,2.85556339106686
CDKN1A,AKT1,204,203,2.85457696828541
AKT1,PIK3CA,203,302,2.84749817559869
IKBKG,MAP4K4,300,549,2.84602674769363
ESRRB,RXRG,253,106,2.84023963702815
ESRRB,RARB,253,113,2.84023963702815
ESRRB,RARG,253,107,2.84023963702815
ESRRG,RXRG,97,106,2.84023963702815
NR0B1,RARG,223,107,2.84023963702815
NRBP1,RARB,502,113,2.84023963702815
NR0B1,RXRG,223,106,2.84023963702815
NR0B1,RARB,223,113,2.84023963702815
NRBP1,RARG,502,107,2.84023963702815
NRBP1,RXRG,502,106,2.84023963702815
ADRA1B,ADRB1,94,70,2.83971786174694
ADRA1D,ADRB1,95,70,2.83971786174694
DRD1,PIK3R1,215,538,2.8391895470829
STRN3,MAP4K4,493,549,2.83693837747004
GRB2,MAP2,565,221,2.83560962068566
MAPK14,MAPK3,245,201,2.83536201590093
MET,SRC,329,228,2.83495009795822
PDGFRB,MAPK11,45,340,2.8326182598826
MAPK14,PDGFRB,245,45,2.83261825889245
FGFR1,MAPK8,47,98,2.83168699454807
NTRK1,BRAF,76,40,2.83069016995049
DRD1,PIK3CA,215,302,2.82944043326668
DRD1,PIK3CD,215,303,2.82944043326668
DRD1,PIK3CB,215,304,2.82944043326668
ESRRG,VDR,97,0,2.82727190002762
NR0B1,VDR,223,0,2.82727190002762
ESRRB,VDR,253,0,2.82727190002762
NRBP1,VDR,502,0,2.82727190002762
CEBPB,ESR1,296,31,2.82029930974437
FRS2,RET,425,48,2.82025222247587
CSF1R,FLT3,77,44,2.8177031057052
PGR,CPEB4,30,623,2.81690468393303
CYP1B1,CBR1,255,295,2.81590525432172
HNRNPA2B1,HNRNPD,392,530,2.81444102321253
ABCC5,STAB2,353,323,2.81304246197005
PDPK1,PIK3R1,263,538,2.81254148407465
NR3C1,ACTB,36,286,2.81198507658453
PDPK1,NEK11,263,345,2.81025065407159
PTK2B,JAK3,250,332,2.8089992935376
CACNA1D,CACNA1G,169,90,2.80742083535932
ACSL4,ACADSB,520,17,2.80075863038198
HNRNPD,HNRNPU,530,370,2.79886479385433
ANXA2,MSN,373,426,2.79878718626324
ACADSB,ALDH1A2,17,110,2.79851119992119
ALDH1A1,ACADSB,108,17,2.79851119992119
AKT1,RAF1,203,41,2.79840360338827
ACADSB,ALDH5A1,17,20,2.79607044760712
RAF1,IKBKG,41,300,2.79095750353763
PGR,SRC,30,228,2.79031895398721
MAPK14,BRAF,245,40,2.78599291266729
KCNJ6,CACNA1C,161,86,2.78159144698415
AXL,SRC,356,228,2.77139342431752
DNMT1,HDAC2,189,21,2.77129890654374
RARB,NR1I2,113,6,2.76899899939435
RARG,NR1I2,107,6,2.76899899939435
GSR,CMPK1,12,51,2.76728119257634
GSR,NME4,12,362,2.76728119257634
GSR,RRM1,12,50,2.76728119257634
CYP17A1,LDLR,33,398,2.76705598071303
MAPK14,CCND1,245,200,2.7628811433866
GSR,OGDH,12,19,2.76271525928757
AKT1,PRKCQ,203,264,2.75960219486854
OGDH,TXNRD1,19,199,2.7588754638186
DNAJB11,TUBA1A,575,65,2.75868489971703
KCNJ3,CACNA1C,160,86,2.75533552332046
VDR,NR1I2,0,6,2.75525081121255
FGFR1,PIK3R1,47,538,2.75446176218364
ESRRB,PPARD,253,23,2.7542316563211
NRBP1,PPARD,502,23,2.7542316563211
ESRRG,PPARD,97,23,2.7542316563211
NR0B1,PPARD,223,23,2.7542316563211
PIK3CD,TUBA1A,303,65,2.74959336443898
PIK3CA,TUBA1A,302,65,2.74959336443898
PIK3CB,TUBA1A,304,65,2.74959336443898
PIK3CB,TUBA4A,304,62,2.74959336443898
PIK3CA,TUBA4A,302,62,2.74959336443898
ADRA1A,ADRB1,93,70,2.74369297411543
ERBB2,PTK2B,247,250,2.73984546763352
NCOA2,PGR,252,30,2.73717102841854
GRB2,MET,565,329,2.73323926117079
HDAC6,HDAC8,268,269,2.72958497259309
PRKAB1,CBR1,26,295,2.72847138404392
KMT2C,KMT2B,435,399,2.72701585392743
SIK1,PDPK1,344,263,2.72660422456393
CACNG2,ATP2A2,186,489,2.72470279157944
ATP2A2,CACNG1,489,153,2.72470279123241
ATP2A2,CACNB1,489,145,2.72470279123241
SLC25A3,SLC25A44,461,483,2.72044567499363
RAB11FIP2,YWHAG,527,454,2.72039006626254
RARB,VDR,113,0,2.71823395555652
RARG,VDR,107,0,2.71823395555652
MSN,CD44,426,313,2.71750286911779
ABCC5,FPGS,353,16,2.71736455627816
IMPDH1,SLC25A44,130,483,2.71649179110767
ESRRB,RARA,253,112,2.71490621170099
NRBP1,RARA,502,112,2.71490621170099
NR0B1,RARA,223,112,2.71490621170099
HSPA8,MAPT,242,222,2.71465230279039
LIG1,MPG,13,58,2.7130733948225
MTOR,CACNA1C,140,86,2.71247752410372
KCNJ6,CACNA1D,161,169,2.71099310832436
TUBB,PIK3CD,29,303,2.70842644878144
TUBB,PIK3CB,29,304,2.70842644878144
TUBB,PIK3CA,29,302,2.70842644878144
PIK3CB,TUBB1,304,218,2.70842644852404
PIK3CD,TUBB1,303,218,2.70842644852404
PIK3CA,TUBB1,302,218,2.70842644852404
RUVBL2,MORF4L2,292,474,2.70764949672979
KIT,STAT5B,46,232,2.70578940069281
ATP2A2,TPM1,489,572,2.69984712358989
STAB2,CD44,323,313,2.69971532210091
CACNA1C,CACNG1,86,153,2.69767882499079
CACNG2,CACNA1C,186,86,2.69767882474354
CSK,DAB2,237,403,2.69474604612255
RUVBL2,RANBP2,292,631,2.69386026798734
FTL,SNX5,589,550,2.69316543594193
LIG1,POLA1,13,194,2.69282581957781
POLA2,LIG1,138,13,2.69282581946907
CDH2,TCF4,621,614,2.69215428243056
HTR1D,HTR3A,208,146,2.68989164551771
HTR1A,HTR3B,73,183,2.68989164551771
HTR1B,HTR3A,74,146,2.68989164551771
HTR1A,HTR3A,73,146,2.68989164551771
HTR1B,HTR3B,74,183,2.68989164551771
HTR1D,HTR3B,208,183,2.68989164551771
HTR3D,HTR1A,184,73,2.68989164511254
HTR3C,HTR1D,185,208,2.68989164511254
HTR3C,HTR1A,185,73,2.68989164511254
HTR3E,HTR1D,182,208,2.68989164511254
HTR3E,HTR1B,182,74,2.68989164511254
HTR3E,HTR1A,182,73,2.68989164511254
HTR3D,HTR1D,184,208,2.68989164511254
HTR3C,HTR1B,185,74,2.68989164511254
HTR3D,HTR1B,184,74,2.68989164511254
CYP19A1,AHR,192,285,2.68821469406048
PRKCQ,BTK,264,235,2.68758690664534
FGFR4,PIK3R1,341,538,2.68693836558097
MTOR,CACNA1S,140,168,2.68598793903039
EPHA2,DDR1,229,79,2.68572251086768
GRIA3,PIK3CB,158,304,2.68459435082773
GRIA3,PIK3CA,158,302,2.68459435082773
GRIA3,PIK3CD,158,303,2.68459435082773
BCL2,CACNA1D,219,169,2.68426525344926
KCNJ3,CACNA1D,160,169,2.6841200901587
SOX4,TLE4,560,501,2.68162291371527
CCND1,CACNA1C,200,86,2.68039626580114
ATIC,OGDH,64,19,2.6802289512078
BCR,STAT5B,75,232,2.67829551882121
ERBB2,PIK3CA,247,302,2.67795529886663
PPARD,NR1I2,23,6,2.67794322926989
PARP2,HABP2,351,321,2.67577748136386
MAPK1,PSMB5,202,2,2.67436963581031
MAPK3,PSMB5,201,2,2.67436963581031
MAPK1,PSMB1,202,3,2.67436963581031
MAPK3,PSMB1,201,3,2.67436963581031
MAPK3,PSMB2,201,336,2.67436963581031
MAPK1,PSMB2,202,336,2.67436963581031
SIK1,NEK11,344,345,2.67376856421531
FNTB,HMGCR,299,81,2.6720599847375
CYP11B1,AHR,84,285,2.67188438917781
PIM1,DDR1,256,79,2.67092020675587
CYP1B1,HPGDS,255,122,2.67029174372558
MAPK14,AKT1,245,203,2.66783821090235
FGR,YES1,240,231,2.66756429395155
PDK4,RXRB,117,105,2.66686848663557
STAB2,TMSB4X,323,378,2.66414705575466
G6PD,GPI,377,591,2.66124569733234
PARP3,LIG3,352,14,2.66087234708822
PARP3,MPG,352,58,2.66087234708822
PARP2,MPG,351,58,2.66087234708822
CSF1R,SIN3A,77,456,2.65761789309342
CSF1,SIN3A,427,456,2.65761789309342
AKT1,CACNA1D,203,169,2.65658968139065
ABCC5,DHFR,353,63,2.65384120849044
MAP3K2,MAPK8,516,98,2.65135004582725
BTG3,DDX6,517,443,2.64761609729188
DDX6,BTG2,443,389,2.64761609729188
PATL1,BTG2,624,389,2.64761609729188
BTG3,PATL1,517,624,2.64761609729188
HDAC6,RANBP2,268,631,2.64553233316848
GABRP,CACNA1A,178,88,2.64440021680901
GABRE,CACNA1A,177,88,2.64440021680901
GABRQ,CACNA1A,179,88,2.64440021680901
GABRG1,CACNA1A,175,88,2.64440021680901
GABRG3,CACNA1A,176,88,2.64440021680901
GABRD,CACNA1A,180,88,2.64440021680901
PPARD,RARB,23,113,2.63882134940745
PPARD,RARG,23,107,2.63882134940745
RARA,NR1I2,112,6,2.63641554134017
HDAC1,AR,205,37,2.63545291631993
IRF2BP2,CHRNA10,492,148,2.63541472147337
SLC6A2,STXBP1,100,544,2.63535761595553
CPLX1,SLC6A2,453,100,2.63535761595553
SLC6A2,SYT1,100,595,2.63535761595553
CACNA1D,CACNB1,169,145,2.63192261345429
CACNA1D,CACNG1,169,153,2.63192261345429
CACNG2,CACNA1D,186,169,2.63192261276675
PTK2B,AXL,250,356,2.63181685111342
NCOA2,PPARD,252,23,2.63120038807186
JUN,PIK3CA,69,302,2.63064696352989
JUN,PIK3R1,69,538,2.63064696352989
BAD,YWHAG,358,454,2.63049610493706
GRB2,CACNA1D,565,169,2.62928107092315
HDAC6,HSP90AA1,268,290,2.6245183018804
PPARD,VDR,23,0,2.62374374384887
HDAC7,TBL1XR1,297,477,2.62331155205478
ETS1,SRSF11,437,494,2.62108325163413
FGFR2,PDGFRA,338,78,2.6181732375266
SUB1,UBR5,386,404,2.613248103
PPARD,PPARG,23,24,2.61201850835179
IMPDH2,SLC25A44,131,483,2.61061461571291
CYP1B1,AHR,255,285,2.61001046749019
HPGDS,PTGS2,122,56,2.60954892833728
MET,MAPK8,329,98,2.60940240459964
CACNA1C,CACNA1H,86,91,2.60932616223059
ERBB4,ABL2,347,233,2.60647998835785
ABCC5,LYVE1,353,327,2.6057824652911
HDAC6,HDAC3,268,267,2.60449340686212
ADRA1D,ADRB3,95,72,2.60320092119533
ADRA1B,ADRB3,94,72,2.60320092119533
GRIA4,PIK3R1,157,538,2.60314748959241
MAP2K1,PSMB1,342,3,2.6017473034826
MAP2K1,PSMB5,342,2,2.6017473034826
MAP2K1,PSMB2,342,336,2.6017473034826
MAP2K2,CACNA1B,343,87,2.60142175056274
PRKCQ,NEK11,264,345,2.60125719074746
GRIA3,PIK3R1,158,538,2.59974719185377
TLN1,EZR,422,506,2.59884285505426
GRIA4,PIK3CB,157,304,2.59761008185585
GRIA4,PIK3CA,157,302,2.59761008185585
GRIA4,PIK3CD,157,303,2.59761008185585
PPARG,RXRG,24,106,2.59461380257132
LIMK1,MYO10,346,419,2.5943994243743
CDK2,E2F7,261,429,2.59415608432366
YWHAG,KIF23,454,395,2.5939287807285
TOP2B,VDR,99,0,2.5928574363191
CDKN1A,E2F7,204,429,2.59035792342006
NRBP1,NR3C2,502,32,2.58979065985114
NR0B1,NR3C2,223,32,2.58979065985114
HIBCH,ALDH5A1,281,20,2.58896196405998
HIBCH,ALDH1A2,281,110,2.58818519124843
ITK,PRKCQ,257,264,2.58804472141299
KCNJ5,CACNA1C,164,86,2.58755178678468
ALDH1A1,HIBCH,108,281,2.58744680253777
DHFR,POLA1,63,194,2.58683109159934
EGFR,ABL2,25,233,2.58635164602565
CSNK2A1,PML,287,206,2.58577750732687
MAP3K2,PDPK1,516,263,2.58454136108954
LIMK1,CACNA1A,346,88,2.58363526943086
AKT1,IKBKB,203,198,2.58127190493256
RARA,VDR,112,0,2.58073394442457
WNK1,TTYH3,430,465,2.57948739465176
AKT1,CACNA1S,203,168,2.57912597511223
VDR,MED13,0,528,2.5784691229357
HMMR,SV2A,315,217,2.5775718074061
CDKN1A,MAPK11,204,340,2.57705627808482
CDKN1A,MAPK14,204,245,2.57705627808482
GABRP,CACNA1B,178,87,2.57673807742795
GABRG3,CACNA1B,176,87,2.57673807742795
GABRG1,CACNA1B,175,87,2.57673807742795
GABRD,CACNA1B,180,87,2.57673807742795
GABRQ,CACNA1B,179,87,2.57673807742795
GABRE,CACNA1B,177,87,2.57673807742795
MAPK8,ACTB,98,286,2.57547155865232
ABCC5,TYMS,353,15,2.5735809572077
PDPK1,RAF1,263,41,2.5714970683274
AKT1,GRIA2,203,156,2.56667363648568
GSTP1,CBR1,354,295,2.56424392067533
GRB2,CACNA1C,565,86,2.56406221604778
MAPK14,MAP2K1,245,342,2.56048837094491
PDGFRA,MAPK11,78,340,2.56039603402974
MAPK14,PDGFRA,245,78,2.56039603201385
ABL1,TUBA4A,80,62,2.55977479978913
ABL1,STXBP1,80,544,2.55977479978913
MAP3K2,NEK11,516,345,2.5574715229365
SIK1,PRKCQ,344,264,2.55734506390079
LASP1,SLC25A44,541,483,2.55421531647407
CEBPB,NOLC1,296,193,2.55288538601122
CDK2,PDPK1,261,263,2.55260386954861
MAPK3,ACTB,201,286,2.55224459979283
MAPK1,ACTB,202,286,2.55224459979283
GRIA3,CACNA1A,158,88,2.55184712539555
HSP90AA1,BRAF,290,40,2.5515824503722
ITGAL,LCK,82,230,2.54854313017486
ALDOA,TUBA4A,409,62,2.54749679326359
ALDOA,TUBA1A,409,65,2.54749679326359
CTNND1,RET,415,48,2.54452155793533
FYN,MAP2,234,221,2.54431723670326
CACNA1D,CACNA1H,169,91,2.54212624336512
KCNJ11,CACNA1G,89,90,2.53935543593389
GRB2,ACTB,565,286,2.53781626580076
APP,MAPT,491,222,2.53599013713748
PARP1,TOP1,350,124,2.53515095214783
PNPLA6,GPD1,485,28,2.53503747265967
PNPLA6,PISD,485,498,2.53503747265967
PISD,GPD1,498,28,2.53503747265967
PDGFRB,MAPK8,45,98,2.534913913
PSME3,CDKN1A,515,204,2.53347494692539
MAP3K2,MAPK11,516,340,2.53174022665898
FLT3,NTRK1,44,76,2.53114719394692
FGFR3,MAPK8,308,98,2.53055825560655
ERBB2,HSP90AB1,247,301,2.52972652100267
GRIN3A,DRD1,142,215,2.52600600379942
AHR,FDX1,285,85,2.52599958886247
FGFR2,MAPK8,338,98,2.52537203420353
KCNJ5,CACNA1D,164,169,2.52006188485286
PSMB2,RAF1,336,41,2.51722448914582
PSMB5,RAF1,2,41,2.51722448914582
PSMB1,RAF1,3,41,2.51722448914582
MAPK3,TUBA4A,201,62,2.51644605050426
MAPK3,TUBA1A,201,65,2.51644605050426
MAPK1,TUBA4A,202,62,2.51644605050426
MAPK1,TUBA1A,202,65,2.51644605050426
ADRA1A,ADRB3,93,72,2.51601365132777
BCL2,CACNA1C,219,86,2.51528872326746
NME4,EIF5B,362,523,2.5148007579015
LYN,ADAM15,243,368,2.51474522209296
CDK6,ETS1,349,437,2.51232523238819
ATP1B1,ATP2A2,594,489,2.5108441433916
GRB2,ANXA2,565,373,2.50974921859716
FGR,MYO10,240,419,2.50961832071441
MAPK11,BRAF,340,40,2.50736072176745
PPAT,ALDH5A1,246,20,2.5048764702602
JAK1,PML,331,206,2.50250819701769
MAP2,TUBA1A,221,65,2.50171843853409
NTRK1,RET,76,48,2.50153004942639
MAPK8,CCND1,98,200,2.50118503349337
NLK,PPARD,363,23,2.50117513923344
JAK1,ACTB,331,286,2.50001932326992
CDK2,NEK11,261,345,2.49839333124056
SRCAP,INO80,610,598,2.49798242948343
DRD3,DRD4,207,212,2.49772877134557
GSR,TYMS,12,15,2.49758530342661
AKT1,MAPKAPK2,203,259,2.4969486209809
GABRD,ORM1,180,35,2.49659556277593
ERBB4,STAT5B,347,232,2.49513487780349
ESR1,FAM102A,31,406,2.49483828983752
PPARD,RARA,23,112,2.49407998832475
FGFR1,L1CAM,47,188,2.49387381090483
COL5A1,PDGFRB,577,45,2.49383104222697
EGFR,CD44,25,313,2.49268703550709
ABL1,TOP1,80,124,2.48935172330963
HSP90AB1,BRAF,301,40,2.48752459044864
AKT1,GRIA1,203,152,2.48706784739168
H2AX,MIER1,554,442,2.48696944132628
GABRB1,KCNJ9,167,187,2.48548133309251
GABRB3,KCNJ9,136,187,2.48548133309251
GABRB2,KCNJ9,135,187,2.48548133309251
CDK2,POLA1,261,194,2.48294495575982
TMSB4X,UBC,378,444,2.48187166518899
MAPK11,MAP2K1,340,342,2.48154418025009
FGR,HSP90AA1,240,290,2.48074038564379
GABRA4,APP,150,491,2.47996698152829
NCOA2,AHR,252,285,2.47961253816165
GABRA5,CACNA1B,149,87,2.47893451017957
GABRA3,CACNA1B,151,87,2.47893451017957
GABRA6,CACNA1B,155,87,2.47893451017957
GABRA1,CACNA1B,141,87,2.47893451017957
GABRA4,CACNA1B,150,87,2.47893451017957
GABRA2,CACNA1B,147,87,2.47893451017957
GALNT10,OGT,421,627,2.47744723922418
LTA4H,MAPKAPK2,272,259,2.47684417419126
SIN3A,HDAC9,456,18,2.47490373013336
IKBKB,NEK11,198,345,2.47445750769151
HIBCH,PGD,281,139,2.47373450004394
ATP2A2,CACNA1S,489,168,2.47310670327762
ITGAL,ZAP70,82,265,2.47290953605982
DRD1,DRD5,215,214,2.47138486917862
FGF1,FLT4,309,42,2.47114232738844
NAPB,SYT1,529,595,2.47013172854532
CMPK1,TXNRD1,51,199,2.46988058997241
NME4,TXNRD1,362,199,2.46988058997241
ERBB4,GRB2,347,565,2.46775396482082
DDX5,HDAC1,396,205,2.46763780234648
MAPK14,MAP2K2,245,343,2.46246991960617
ATOX1,TF,61,60,2.4614483283423
L1CAM,MSN,188,426,2.46105862353031
MTOR,JUN,140,69,2.46049455608635
LCK,AXL,230,356,2.4603855377314
PTK2B,JAK1,250,331,2.45946652149124
ESR1,GPER1,31,127,2.45687177917401
CDH2,FGFR1,621,47,2.4561897945658
PLEC,WNK1,626,430,2.45580856194503
CACNA1S,CACNA1H,168,91,2.45518320928648
POLA1,TYMS,194,15,2.45502875275542
MTOR,CACNA1D,140,169,2.45353094026762
BRAF,QKI,40,447,2.45164264150702
GABRE,KCNJ6,177,161,2.45086954678484
GABRG1,KCNJ6,175,161,2.45086954678484
GABRG3,KCNJ6,176,161,2.45086954678484
GABRP,KCNJ6,178,161,2.45086954678484
GABRD,KCNJ6,180,161,2.45086954678484
KCNJ6,GABRQ,161,179,2.45086954662179
IMPDH1,CRBN,130,53,2.44969529973093
HSPA2,MAP2K1,291,342,2.44940903114183
MAP2,MAPT,221,222,2.44873949278495
EGFR,LYN,25,243,2.44865661718251
CHRM3,AKT1,298,203,2.44847871558134
ALDH1A1,SLC2A3,108,503,2.44689994248502
GSR,GSTP1,12,354,2.44568184043066
KIT,BCL2,46,219,2.44556237699779
ABCC5,ATIC,353,64,2.44551129469479
CDKN1A,CACNA1C,204,86,2.4454335136313
CSF1R,ETS1,77,437,2.44530352373044
CSF1,ETS1,427,437,2.44530352373044
ESRRB,NR4A3,253,236,2.44412688725411
ESRRG,NR4A3,97,236,2.44412688725411
NRBP1,NR4A3,502,236,2.44412688725411
NR0B1,NR4A3,223,236,2.44412688725411
FGFR3,PDGFRB,308,45,2.44364894873858
HDAC1,MAPK8,205,98,2.44358049921651
HDAC2,MAPK8,21,98,2.44358049921651
HSP90AA1,MAPK3,290,201,2.44192466940625
GADD45A,RARB,482,113,2.4418075572992
AKT1,ACTB,203,286,2.44151094354177
FPGS,CBR1,16,295,2.44145925045709
HTR2B,HTR7,104,216,2.43887416038826
HTR2A,HTR7,101,216,2.43887416038826
HTR2C,HTR7,213,216,2.43887416038826
ARPP19,APP,361,491,2.4376514706787
DCK,CMPK1,195,51,2.43754065369514
GSR,PGD,12,139,2.43421487642819
KIT,BCR,46,75,2.42902437508258
ACTB,UBC,286,444,2.42607297568534
MAPK8,NEK11,98,345,2.42383219379534
ESRRG,NCOA1,97,251,2.42308276321752
DNAJB11,BRAF,575,40,2.42178897001375
SH2B3,KITLG,310,562,2.42083108655613
PADI4,MACROH2A1,197,487,2.41995664185712
MAPK11,MAP2K2,340,343,2.41986486642792
KDSR,ALDH5A1,497,20,2.4152295867149
HCK,BCR,275,75,2.41489178507089
KDSR,ALDH1A2,497,110,2.41473114553962
ALDH1A1,KDSR,108,497,2.41473114553962
MYBL1,NLK,478,363,2.40486132313986
FPGS,NME4,16,362,2.40348153890489
HSP90AA1,AXL,290,356,2.40179183048724
KCNJ9,CACNA1B,187,87,2.40056551178436
FYN,LIMK1,234,346,2.39749215367804
FSCN1,VCAM1,480,162,2.39527986653522
KCNJ11,MINDY2,89,540,2.39475110592699
LYN,PIK3CG,243,262,2.39442752996688
MAP3K2,PRKCQ,516,264,2.39256300919067
HDAC1,PML,205,206,2.38889745302253
SRC,SYK,228,258,2.38866490200873
CDK2,SIK1,261,344,2.3874019198787
MAPK6,MAP2K4,381,566,2.38637607173635
GRB2,JAK2,565,330,2.38561587033124
ELOVL5,CACNG1,586,153,2.38339047730167
LYN,PDPK1,243,263,2.38108873220456
CDK2,PRKCQ,261,264,2.37719080980564
MET,CD44,329,313,2.37674252748787
TNFAIP6,TNFSF11,324,54,2.37633974878844
CCT5,TUBG1,464,67,2.3716458597122
MAPK14,TAOK1,245,555,2.36982345936712
NCOA2,ESR2,252,39,2.36965116481586
HTR1D,EZR,208,506,2.3671367241259
AKT1,NEK11,203,345,2.36288965241125
ACTB,TMSB4X,286,378,2.36285485840156
RET,SRC,48,228,2.36099221652102
LIMK1,PIM1,346,256,2.3596757435658
MAPK14,NEK11,245,345,2.35534573568825
EGFR,PTK2B,25,250,2.35298424397255
GADD45A,RXRA,482,118,2.34724282265895
MAPK1,WNK1,202,430,2.34613490708389
PTK6,RET,306,48,2.34582007270454
CSF1R,PIK3R1,77,538,2.34222744800187
MPG,POLB,58,191,2.34126181231383
PDPK1,MAP2K1,263,342,2.33846879748804
FYN,PRKCQ,234,264,2.33371579221346
PDPK1,MAP2K2,263,343,2.33105858792994
HDAC1,PPARD,205,23,2.33015722136029
HSP90AA1,TUBA1A,290,65,2.32993334058437
COL5A1,VCAN,577,317,2.32826745531373
MAPK14,PDPK1,245,263,2.32782906481212
DNMT3B,LIG3,249,14,2.32666518408161
GABRA6,HMGCR,155,81,2.32227157597095
SIK1,IKBKB,344,198,2.32175568422964
MAP2K2,NEK11,343,345,2.31803124194924
FTL,ACTB,589,286,2.3142343207353
EGFR,PIM1,25,256,2.31315228246741
TYMS,VCAM1,15,162,2.31064861109604
FDX1,HSPA2,85,291,2.30727352411387
FDX1,HSPA8,85,242,2.30727352411387
ABL1,PDGFRB,80,45,2.30639442970999
LASP1,DAZAP2,541,581,2.30615968664874
NME4,ATAD1,362,460,2.30544270917617
MAP3K2,SIK1,516,344,2.30455207859717
G6PD,PPAT,377,246,2.30319206433556
PDGFRA,PIK3R1,78,538,2.30293699425369
PRKCQ,MAPK8,264,98,2.30025031523288
DCK,RXRG,195,106,2.29870559669738
CEBPB,ORM1,296,35,2.29835729922453
MAP2K1,NEK11,342,345,2.29819613253915
LCK,PIK3CA,230,302,2.29681451326036
ALK,GRB2,328,565,2.29666546620548
CPLX1,CACNA1B,453,87,2.29480476478885
GPI,PGD,591,139,2.2934870141068
NR3C1,STAT5B,36,232,2.29277466043971
HSP90AA1,LCK,290,230,2.29254511915123
ITK,LCK,257,230,2.29079647101917
CHRNB4,GABRB3,170,136,2.28791430531819
ESR1,ESRRA,31,254,2.28357911535779
LYN,PRKCQ,243,264,2.28202833535062
SIK1,TAOK1,344,555,2.28095139832147
KCNJ5,CACNA1B,164,87,2.2808834588652
NR3C1,RAD21,36,552,2.27811789058143
MAPK14,PRKCQ,245,264,2.27767847612228
PTK2B,LCK,250,230,2.27427197440059
CACNG2,KCNJ9,186,187,2.27284653580436
FRS2,MAPK3,425,201,2.27178356300218
CHRNA7,FNDC3A,165,372,2.2714598955077
GRB2,ITK,565,257,2.27062421794702
MAPK14,MAPK8,245,98,2.27056871126823
PDPK1,TAOK1,263,555,2.2681613211205
CDK2,MAP3K2,261,516,2.26789015554484
TUBB,ABL1,29,80,2.26634448389483
FPGS,OGDH,16,19,2.26570786645199
LAYN,NCAN,322,316,2.26049690622696
GRB2,PIK3CA,565,302,2.25486408304208
CDK2,MAP2K1,261,342,2.25480128129781
AKT1,BRAF,203,40,2.25430908626013
LYN,MAPK3,243,201,2.25425859990801
CDK2,MAP2K2,261,343,2.25324093879517
MAPK3,TUB,201,428,2.25085362035258
MAPK1,TUB,202,428,2.25085362035258
JAK2,KIT,330,46,2.25050884122993
YWHAG,NOLC1,454,193,2.24940503329587
KDSR,ACADSB,497,17,2.24769620102091
PIM1,ZAP70,256,265,2.24647722325643
CACNG2,KCNJ3,186,160,2.24403458262766
DDX6,G3BP2,443,385,2.24347996459262
ABCC5,HMMR,353,315,2.24333457409348
HTR1B,PTGS2,74,56,2.24245380870973
LCK,PDPK1,230,263,2.2423278196953
PTK6,WNK1,306,430,2.24130335127887
FGFR2,GRB2,338,565,2.2371034770026
SIK1,MAP2K1,344,342,2.2360307321136
CACNG1,CCDC51,153,227,2.23204269300721
ICAM1,TUBE1,314,68,2.23172873155217
JAK2,PIM1,330,256,2.23000699484379
FGFR2,BRAF,338,40,2.22639421269133
DHFR,PPAT,63,246,2.22575511602082
MAPK11,HDAC3,340,267,2.22540123863425
SIK1,AKT1,344,203,2.22100263978937
CSNK2A1,SSRP1,287,628,2.22052531273483
SCN8A,SPTBN2,11,495,2.22041896797568
GNG5,KCNJ9,359,187,2.21854867637387
UBR3,GLRA2,391,144,2.21822037270139
CHORDC1,DDR2,439,339,2.21581767350374
CSK,PDPK1,237,263,2.21525929605422
CEBPA,ESRRA,418,254,2.215013914
EPHA2,HCK,229,275,2.21499039191817
CPLX1,HSPA8,453,242,2.21328580627923
MAP3K2,IKBKB,516,198,2.2129856200362
GRB2,AXL,565,356,2.21177476337837
CEBPB,NR3C1,296,36,2.20831171215471
PFN2,ACTB,582,286,2.20820038253483
CDK2,MAPK8,261,98,2.20809135134766
UBR3,FAM43A,391,585,2.20784653670261
DIPK2A,CHRNA9,384,166,2.20444753502344
CDK2,LIG3,261,14,2.20411876149513
TAOK1,NEK11,555,345,2.20071841991828
HDAC2,PML,21,206,2.20060820052991
GADD45A,MIDN,482,633,2.19115605057053
NR0B1,ESRRA,223,254,2.18850268026806
SUB1,CSNK2A1,386,287,2.18577165159752
EIF4G2,TMSB4X,408,378,2.18475086970463
RXRB,MCFD2,105,548,2.18457162529075
ALK,MAPK1,328,202,2.18153665013742
SH2B3,EGFR,310,25,2.18050254066415
SIK1,MAPK8,344,98,2.17994110464079
CDK2,IKBKB,261,198,2.17609182170193
FYN,ADAM15,234,368,2.1755384704099
SCN1B,SPTBN2,7,495,2.17514561051198
PPARD,HDAC3,23,267,2.17494091803608
HSP90AB1,RAF1,301,41,2.17400111985364
HTR1D,PTGS2,208,56,2.17389466472826
EPHB4,GABRE,239,177,2.17357625249228
UBC,VIM,444,413,2.17126178080113
IKBKB,SRC,198,228,2.1704808284336
AR,SRC,37,228,2.16941755866215
CDK6,PDPK1,349,263,2.1650511103507
CDK6,MAPK14,349,245,2.16278070241912
LCK,PIK3R1,230,538,2.1625318194201
CACNG2,CPLX1,186,453,2.1610876643386
FTL,UBC,589,444,2.15990476730904
GSK3B,BTK,260,235,2.15972513876842
BTG3,CACNA1A,517,88,2.15958744116483
GRB2,SYK,565,258,2.15807186989854
OSBPL8,CYP26B1,511,120,2.15789321082405
PPIF,C1QBP,547,318,2.15741433969433
ORM1,RBP4,35,116,2.15689599642851
HTR3C,DIPK2A,185,384,2.15676377079832
PHB2,TUBA1A,312,65,2.15545272550031
ANXA2,HSP90AA1,373,290,2.15385586231229
RAF1,BCL2,41,219,2.15377183903401
CDK2,TAOK1,261,555,2.15176121855515
CDK2,AKT1,261,203,2.14908788576797
ALDH1A1,GSR,108,12,2.14684217581631
GSR,ALDH1A2,12,110,2.14684217581631
EPHB4,NTRK1,239,76,2.14661009757392
CACNG2,KCNJ5,186,164,2.14642718080101
GSR,ALDH5A1,12,20,2.14530297786034
CDH2,DDR2,621,339,2.14497672642309
FYN,YES1,234,231,2.14452562504516
CHRNA4,C6orf120,126,568,2.14407951935365
FGFR4,WNK1,341,430,2.14254045191427
FGFR4,PDGFRA,341,78,2.14228382936992
DNMT3B,EED,249,510,2.14220879621329
SLC6A2,SLC6A4,100,92,2.14154955879668
FLOT2,TUBD1,417,66,2.13993643607157
DDX5,ESR1,396,31,2.13956943474663
PRKCQ,MAP2K1,264,342,2.13897682022862
HMMR,TOP2A,315,52,2.13762643101773
EIF4G2,ACTB,408,286,2.13634298099924
LYVE1,VEGFA,327,305,2.13539008726364
FRS2,NTRK1,425,76,2.13254603395363
STXBP1,CACNA1D,544,169,2.13178310269338
PADI4,MRFAP1,197,472,2.1315091522599
ANXA2,SLC25A3,373,461,2.13055898629028
EIF4G2,QKI,408,447,2.12957529871554
SIK1,MAP2K2,344,343,2.12846003829055
HNRNPD,VEGFA,530,305,2.12669913909294
FYN,PDPK1,234,263,2.12525438635957
AKT1,TAOK1,203,555,2.1251893499265
TXNRD1,ALDH1A2,199,110,2.12288137497637
ALDH1A1,TXNRD1,108,199,2.12288137497637
TXNRD1,ALDH5A1,199,20,2.11997962179128
HSP90AA1,FNIP1,290,366,2.11918795431707
DDR2,PIK3CB,339,304,2.11645310540728
CLTC,WNK1,375,430,2.11635305845713
SH2B3,ZAP70,310,265,2.11210429760807
CLTC,DAB2,375,403,2.11196514574941
ATIC,PGD,64,139,2.11095605154807
G3BP1,EIF4G1,420,618,2.11028612981273
FGFR1,WNK1,47,430,2.10923605610529
EGFR,RET,25,48,2.10603649398756
HDAC7,PML,297,206,2.10499054953629
INO80,ACTB,598,286,2.1037102737162
JAK3,WNK1,332,430,2.10356732619262
FTL,VIM,589,413,2.10294485889517
FYN,ITK,234,257,2.10239958936951
AHR,NCOA1,285,251,2.10118029785882
SLC25A3,VIM,461,413,2.09175444501779
HDAC6,HSP90AB1,268,301,2.09096372143218
CHRNA7,OSBPL8,165,511,2.09034742757127
GNG5,KCNJ5,359,164,2.08955337818239
ITK,ATIC,257,64,2.08792200036865
FGFR4,SRC,341,228,2.08432216765274
CDK4,MAPK14,348,245,2.08253882080396
CDK6,FGFR3,349,308,2.08195695158855
ERBB2,FGR,247,240,2.08055318779586
CDK2,MAPK14,261,245,2.07918266779597
FTL,ORM1,589,35,2.07720657256433
FGR,FLT3,240,44,2.07630344620388
ORM1,TF,35,60,2.07623759361935
FGFR1,JUN,47,69,2.07602063628983
CSNK2B,FGF1,288,309,2.07340034252462
MAP3K2,NLK,516,363,2.07320862665554
CHRNB2,DIPK2A,159,384,2.07289080910066
PTGS2,EZR,56,506,2.07278373735647
PARP1,ETS1,350,437,2.07108922088929
IKBKB,MAPK8,198,98,2.07085306855956
RARA,BTG2,112,389,2.07072115052717
ADRB1,RARA,70,112,2.07072115052717
RARA,RARRES1,112,111,2.07072115052717
JAK3,PRKAB1,332,26,2.07049305465874
PPARA,MED1,22,535,2.0700043436164
LAYN,VCAN,322,317,2.06998186766692
NR0B1,PGR,223,30,2.06913022946564
HDAC2,ARID4B,21,379,2.06881979536261
CSK,LCK,237,230,2.06788609472313
VCAN,TNFAIP6,317,324,2.06748482502205
GPI,LIG1,591,13,2.06602675773363
PDPK1,MAPK11,263,340,2.06394067514188
EPHA2,NTRK1,229,76,2.06380496545247
PIK3CB,MAP2K2,304,343,2.06380496545247
DCK,MAP2K2,195,343,2.06380496545247
BRPF3,HOXA10,570,1,2.06290239589841
PRKCQ,TAOK1,264,555,2.06261270669197
KCNJ9,CACNA1A,187,88,2.06260435998229
ABL1,ANXA1,80,190,2.06185234012478
KMT2C,OGT,435,627,2.06117408359561
ERBB2,ITK,247,257,2.0610219683126
RAF1,NEK11,41,345,2.05970206801019
CDK2,ATIC,261,64,2.05942031229179
FDX1,NME4,85,362,2.059392516
RGL1,ATL3,407,414,2.05806280740501
EPHB4,LCK,239,230,2.05727431794861
ICAM1,EZR,314,506,2.05694042661068
FTL,TMSB4X,589,378,2.05636511097183
CYP19A1,HMGCR,192,81,2.05458369964461
GNG5,CACNA1B,359,87,2.05450939087006
ALK,MAPK8,328,98,2.05294401226086
CDK6,NEK11,349,345,2.05192302460383
CYP19A1,AXL,192,356,2.05142254215892
AKT1,SRC,203,228,2.05130481913123
CHRNA4,GABRB3,126,136,2.05085895212256
POLA1,BAD,194,358,2.05084054632034
EGFR,MAPK6,25,381,2.05074197987784
KDSR,TTYH3,497,465,2.04446761764662
TUBB,HSP90AB1,29,301,2.04383146446185
A2M,DDR2,59,339,2.04173101546776
PNPLA6,PDE3A,485,431,2.04152517541938
ESRRG,CREBZF,97,607,2.03985615872977
CSF1R,HCK,77,275,2.03914761567918
EGFR,CBR1,25,295,2.03791761417103
FGFR1,HTR1A,47,73,2.0375559488205
CSNK2A1,HDAC2,287,21,2.03754301375077
CDK2,DNMT3B,261,249,2.0363191883126
VIM,TUBA1A,413,65,2.03614534683297
PIK3R1,BCR,538,75,2.03558768628952
CSF1R,LYN,77,243,2.03520292783793
CDK6,PRKCQ,349,264,2.03490138340616
SIK1,RAF1,344,41,2.03430496045264
PDPK1,BRAF,263,40,2.03061746129916
EGFR,FGR,25,240,2.028775246
CPLX1,RXRB,453,105,2.0231179789336
MAPK3,MAPKAPK2,201,259,2.02223719409319
MAPK14,GADD45A,245,482,2.02043526279346
EGFR,MAPKAPK2,25,259,2.01377941841213
KDSR,IREB2,497,613,2.01350835746711
ZMYND11,SRSF1,526,563,2.01323418634187
FLT3,ABL2,44,233,2.01305295490695
GPI,PTK6,591,306,2.00899904781626
GPI,MAP2K2,591,343,2.00899904781626
GLRA2,TF,144,60,2.00886114477963
ABL1,YWHAG,80,454,2.00839285288431
ACSL4,GART,520,83,2.00634019816691
CACNA1B,MRFAP1,87,472,2.00431283290012
EGFR,ITK,25,257,2.00084930283619
MAPK8,MAPK11,98,340,2.00053871491012
NME4,TUB,362,428,1.99959410009115
HAPLN1,MAPT,319,222,1.99887481699934
BCR,EZR,75,506,1.99876777972278
AKT1,NTRK1,203,76,1.99791729504784
DCK,JAK3,195,332,1.99791729504784
MAP3K2,MAPK14,516,245,1.99770278945026
JUN,MAPK1,69,202,1.99759938270178
FGFR1,CD44,47,313,1.99701984496652
LCK,MAPK1,230,202,1.99573487724131
SYT1,CACNA1B,595,87,1.99433522837572
PRKCQ,MAPK11,264,340,1.99403355528454
CACNG2,GRIA2,186,156,1.99334264903518
AP2B1,EGFR,475,25,1.99062406159487
CSK,CSNK2A1,237,287,1.98954328987923
MAPK3,SRC,201,228,1.98871251637408
VCAM1,TAGLN2,162,369,1.98818742170812
ATXN10,PNISR,433,567,1.98809736856885
EGFR,JAK2,25,330,1.98617763588612
CHRNB2,RTL8C,159,423,1.98593517523977
FYN,SYK,234,258,1.98465886173237
PARP1,LIG1,350,13,1.98369491058549
FNDC3A,KDSR,372,497,1.98357283005948
MAPK14,LIMK1,245,346,1.98345016440982
CHRNA3,HTR3A,171,146,1.9828527584351
LIMK1,PRKCQ,346,264,1.98211333077999
AKT1,AR,203,37,1.9813601628768
MAP2K2,TUBA4A,343,62,1.98104092327516
ADRA1A,SCN1B,93,7,1.9772449131167
RARA,GPRC5A,112,109,1.97698191666303
ALDH1A1,RARA,108,112,1.97698191665435
STAB2,MAPK8,323,98,1.97665045174536
SOGA1,FLT1,458,49,1.97604470871428
CREBZF,OGT,607,627,1.97339996000726
RXRB,CACNA1B,105,87,1.97198443301505
SEPTIN3,SEPTIN7,596,616,1.9719844329804
SIN3A,OGT,456,627,1.96968738021965
HDAC6,RAD23B,268,525,1.96948643661982
U2SURP,UBR5,402,404,1.96907369447663
LIMK1,BRAF,346,40,1.96809198512028
SEC61A1,CALU,434,450,1.96787717717091
ABL1,CDV3,80,556,1.96686169030989
A2M,ACTB,59,286,1.96684454962275
HDAC6,PIK3CA,268,302,1.96666836080937
CEBPA,CSF1R,418,77,1.9666155830559
MAPK11,SRC,340,228,1.96526543141805
XPOT,EGFR,512,25,1.96462285067077
LCK,PTK6,230,306,1.96165756111401
KCNJ6,RARG,161,107,1.96037794451525
CCT5,HSPA8,464,242,1.95957801355432
CCT5,HSPA2,464,291,1.95957801355432
UBR3,UBE2Z,391,559,1.95867454773664
SH2B3,MET,310,329,1.95779382996786
PIK3CG,BCR,262,75,1.95562173463757
FGR,NR1I2,240,6,1.95545872278549
EGFR,HSP90AB1,25,301,1.95530091956504
FLT4,WNK1,42,430,1.95425040401318
RUVBL2,HDAC1,292,205,1.95154903136741
STAB2,MAPK3,323,201,1.95056687301265
HIF1A,RAF1,632,41,1.95032173961638
LIMK1,PDPK1,346,263,1.95028601732683
AR,JUN,37,69,1.9498158408075
HSPA8,KCNH2,242,9,1.94972687441843
TUBD1,TOP1,66,124,1.94929846337186
PDGFRA,WNK1,78,430,1.94861474798313
EGFR,HCK,25,275,1.94823338971185
MAP3K2,AKT1,516,203,1.94811219779067
GPI,ZNF207,591,571,1.94794267668339
AR,CD44,37,313,1.94765823724959
CHRNA4,DIPK2A,126,384,1.9470704307546
ARL6IP1,SNX4,484,546,1.9465153833011
HIPK1,ERBB4,578,347,1.94537976003763
ACTB,SLC6A2,286,100,1.9445806775012
HDAC6,TUBB,268,29,1.94415532879298
SIK1,SRC,344,228,1.94398903407636
MAPK11,NEK11,340,345,1.94370688314074
LYN,NEK11,243,345,1.94300524937128
AKT1,MAP2K1,203,342,1.94300524937128
CPLX1,CACNA1A,453,88,1.94290701427485
FNTB,MINK1,299,397,1.94268342727314
PRKCQ,MAP2K2,264,343,1.94245517229306
PIK3CB,PIM1,304,256,1.94243099954119
ETS1,AR,437,37,1.94169111830631
SIK1,LIMK1,344,346,1.9408252131906
MTOR,PDPK1,140,263,1.94070752762432
A2M,SLC6A4,59,92,1.93919549470842
ZNF618,G3BP2,436,385,1.93890590326222
ACADSB,IMPDH2,17,131,1.93699155534938
KIT,PIK3CA,46,302,1.93689629621894
HIPK1,WNK1,578,430,1.93667329858844
ABCC5,CD44,353,313,1.9362260597872
MAPK8,TAOK1,98,555,1.93587243315936
HDAC2,EMSY,21,394,1.93431865597121
PIK3CG,BCL2L2,262,357,1.93319409401734
SLC29A1,SCN4A,163,137,1.93300578170559
GSR,TXNRD1,12,199,1.93189073045415
RGL1,RAP1A,407,602,1.92984202841692
FGR,IKBKG,240,300,1.92934600409519
BIRC5,KIF23,274,395,1.92881875950202
H2AX,MAPK8,554,98,1.9282918307386
ALK,PDPK1,328,263,1.92801575047854
KCNJ5,CACNA1A,164,88,1.92731620477891
ACADSB,IMPDH1,17,130,1.92711644526028
ICAM1,TUBA4A,314,62,1.9266283201113
TMSB4X,TUBA1A,378,65,1.92466555055439
ETFDH,ACADSB,27,17,1.92380292357147
ATIC,SLC20A1,64,457,1.92176032724474
MAPK14,STAB2,245,323,1.92070113784082
GADD45A,SRC,482,228,1.91972145775552
CSF1R,NOS2,77,224,1.91972145775552
PIM1,MAPK3,256,201,1.91971214268841
CDK4,HDAC1,348,205,1.91971214268841
CEBPA,AKT1,418,203,1.91971214268841
CCN2,VEGFA,518,305,1.91969127392585
MAPK14,SIK1,245,344,1.91892358587238
CACNG1,REEP4,153,561,1.91882327178143
PNISR,PNN,567,534,1.91781211658753
MAP2K2,TAOK1,343,555,1.91779964113623
HDAC2,BRAF,21,40,1.91678154672799
CDK2,LYN,261,243,1.91480324677511
MAP2K1,TAOK1,342,555,1.91480324677511
LIMK1,NEK11,346,345,1.91453543731451
BIRC5,AXL,274,356,1.91391060774546
MYO10,FSCN1,419,480,1.91099977274753
CACNG2,GNG5,186,359,1.90994556130992
CSNK2A1,SYK,287,258,1.90880007334835
FGR,HSP90AB1,240,301,1.90681051588652
PDPK1,NLK,263,363,1.90680128751038
ESR1,HSPA8,31,242,1.90542825270426
PTGS2,RAF1,56,41,1.90529572286112
ARL6IP1,NAPB,484,529,1.90491891597381
HSP90AA1,PPARA,290,22,1.90380407178193
CYP26A1,RARA,119,112,1.90269048907393
SUN1,CTDNEP1,524,411,1.90215468450724
AKT1,MAP2K2,203,343,1.90159903372364
ESRRB,HSP90AB1,253,301,1.90001931018888
ETFDH,HIBCH,27,281,1.89984149890036
CEBPB,HSP90AA1,296,290,1.8982651464243
ZMYND11,EMSY,526,394,1.89824111421916
BRAF,NEK11,40,345,1.89763740336679
CDK2,SRC,261,228,1.89730626808364
ACSL4,HIBCH,520,281,1.89730071361373
CDH5,KCNJ11,55,89,1.89678826910252
ETS1,SV2A,437,217,1.89591685862623
RGL1,TBL1XR1,407,477,1.89553767136222
GSK3B,DDR2,260,339,1.89526945728144
CACNG2,KCNJ6,186,161,1.89441503902459
RGL1,PPARA,407,22,1.89360913068967
PDIA6,DNAJB11,599,575,1.8913579201819
DNAJB11,RANBP2,575,631,1.8904547419479
PTK2B,ABL1,250,80,1.88893477453313
BRPF3,GTPBP2,570,424,1.88777929268184
CDK4,CEBPA,348,418,1.88672302404525
HSP90AB1,ITK,301,257,1.88661143908895
TUBD1,YES1,66,231,1.88338009262596
FTL,RBP4,589,116,1.88298488628821
ANXA2,TAGLN2,373,369,1.88179229474625
ZNF217,CALU,401,450,1.88137899946422
SUN1,PDE3A,524,431,1.88072515693656
DRD4,KCNJ9,212,187,1.88069923556976
HDAC2,MAP2K1,21,342,1.88058685061852
MAP4,RXRG,220,106,1.88049215984174
ERBB2,ABL1,247,80,1.87983699386546
G6PD,PTP4A1,377,469,1.87886680876617
GPI,TYK2,591,333,1.87793448730845
HDAC1,MORF4L2,205,474,1.87783913235681
SH2B3,ERBB4,310,347,1.87695937414218
HABP4,C1QBP,326,318,1.87627433047405
G3BP1,FLT3,420,44,1.87607121330261
GSK3B,DDR1,260,79,1.87577086673606
ERBB4,SYK,347,258,1.87529962300112
TOP2A,KIF23,52,395,1.87500618577067
MAPT,MAPK11,222,340,1.8736940572553
ACSL4,ALDH5A1,520,20,1.87301904386792
POLA2,TYMS,138,15,1.87197770074659
FYN,HSP90AA1,234,290,1.87160326344946
SRC,NEK11,228,345,1.86934510739046
GSK3B,NTRK1,260,76,1.86832211551083
HSP90AB1,LIMK1,301,346,1.86692357403263
FLT4,PIM1,42,256,1.86646427089868
FAM43A,DAB2,585,403,1.86506189007323
CHRNB2,SPTBN2,159,495,1.86366420179238
DHFR,OGDH,63,19,1.86346589351845
EGFR,PTK6,25,306,1.86243698949562
AR,MED1,37,535,1.86236740449425
CSNK2A1,EGFR,287,25,1.86072320071331
FPGS,IMPDH2,16,131,1.86018444298064
CEBPB,MAPK1,296,202,1.85800147515845
CDK6,MAPK11,349,340,1.85671133105352
ACSL4,ALDH1A2,520,110,1.85595218150994
ALDH1A1,ACSL4,108,520,1.85595218150994
ESR1,NR1I2,31,6,1.85497219521337
MAPK14,PTGS2,245,56,1.85484214776366
JAK2,TUB,330,428,1.85367709394213
SH2B3,JAK2,310,330,1.85367709387523
SUB1,CHORDC1,386,439,1.85363834950947
G3BP1,SRSF1,420,563,1.85340959714339
ABL1,ZAP70,80,265,1.85290622942031
HSPA8,ATAD1,242,460,1.84970233947533
SIK1,FYN,344,234,1.84942196105845
PRKCQ,RAF1,264,41,1.84873459409087
DRD4,KCNJ3,212,160,1.84838850944304
ATXN10,PSMB2,433,336,1.84791998000634
CACNG2,SYT1,186,595,1.847768051
ALDH1A1,NOS2,108,224,1.84756365697595
MAP3K2,TAOK1,516,555,1.84623853384842
JAK1,SYK,331,258,1.84609024074651
CSNK2A1,ZAP70,287,265,1.84593532652794
PDPK1,YES1,263,231,1.84513597006748
ALK,PIK3R1,328,538,1.84462648854551
AKT1,FYN,203,234,1.84311944561157
ACADSB,TXNRD1,17,199,1.84206979855301
HSP90AB1,AXL,301,356,1.84143158312872
HSP90AB1,MAP4K4,301,549,1.84143158312872
ALDOA,BCAM,409,521,1.84139940242441
SLC29A1,HTR3A,163,146,1.84097133302003
CEBPB,RARB,296,113,1.83921299120518
ERBB2,PIK3CB,247,304,1.83775626176325
RARB,ARID1A,113,380,1.83703860191057
HMGCR,CHRNA9,81,166,1.83636457500415
SERP1,REEP4,542,561,1.83616239955473
CDK2,LIMK1,261,346,1.83495302820013
FLT1,WNK1,49,430,1.83040944523637
CSNK2A1,WNK1,287,430,1.83028924326979
STXBP1,CACNA1B,544,87,1.82992990470231
GART,GPD1,83,28,1.82932973434468
GSR,ACADSB,12,17,1.82873769073968
GADD45A,PIK3CA,482,302,1.82831304388494
MAP3K2,MAP2K1,516,342,1.82805083681852
PNPLA6,KDSR,485,497,1.82753859024331
ACTB,VIM,286,413,1.827533543
ADRB3,DRD5,72,214,1.82600948716401
SRC,BRAF,228,40,1.82594971333391
DCK,BIRC5,195,274,1.82480901604668
CDK4,BCL2,348,219,1.82247540829265
STAB2,MAPK1,323,202,1.82121559606654
ATL3,SLC5A6,414,364,1.81869770422412
BTG3,FTL,517,589,1.81850517602186
CDK6,VGLL4,349,545,1.81750092893409
SYK,TCF4,258,614,1.81660021402819
KITLG,STAT5B,562,232,1.81647763007078
CCT5,ATIC,464,64,1.8152792573623
BTG3,E2F1,517,400,1.81062836824911
GPI,PIK3CG,591,262,1.80998912441987
DYNLL2,ZFAND5,509,617,1.809474491
FLT3,HCK,44,275,1.80767980416036
MAPK8,BAD,98,358,1.80757150203808
JUN,MAP2K4,69,566,1.80748481153863
PIK3R1,SLC6A2,538,100,1.80677909306682
HIPK1,RET,578,48,1.80566361524027
CITED2,UBA1,531,294,1.80556091594153
NOS2,PIM1,224,256,1.80553585738765
A2M,HIPK1,59,578,1.80537931548012
AXL,MAPK6,356,381,1.80449624412177
EGFR,HIPK1,25,578,1.8040949133095
SEC61A1,DNAJB11,434,575,1.80198610985451
GIPC1,RXRG,612,106,1.8007600247412
HSP90AA1,VIM,290,413,1.80021459053759
PRKCQ,BRAF,264,40,1.8001239732226
HCK,VIM,275,413,1.79894800074414
PARP2,FAM168B,351,466,1.79860192236677
CSNK2A1,EPHA2,287,229,1.79791330121326
HSPA2,ATAD1,291,460,1.79777784063786
STXBP1,CACNA1C,544,86,1.79618865495113
CDK2,FYN,261,234,1.79597995921154
ALK,MAPK3,328,201,1.79595998075557
CEBPA,RARB,418,113,1.79394238634543
ITK,ADAM15,257,368,1.79266311836143
FLT1,LDLR,49,398,1.79229130622866
ANXA2,VIM,373,413,1.79218927985541
ALK,PIM1,328,256,1.79210166528649
TMSB4X,VIM,378,413,1.79181583017012
LCK,PIK3CD,230,303,1.79164532900404
WNK1,TEK,430,307,1.79161633049998
PDPK1,SRC,263,228,1.79103360095425
CCN2,TBL1XR1,518,477,1.7907027527401
GART,TOP2A,83,52,1.79061111218144
GART,TOP2B,83,99,1.79061111218144
CDK6,SIK1,349,344,1.78976893375482
DDX5,YY1,396,514,1.78968101015152
CDH5,PNPLA6,55,485,1.78962172450985
CCN2,PPARA,518,22,1.78874255331606
COL5A1,SHBG,577,38,1.78855573665016
ERBB2,FGFR3,247,308,1.78820001809657
CDK4,PDPK1,348,263,1.78778034216791
LCK,MAPK11,230,340,1.78778034216791
HSP90AB1,PTK6,301,306,1.78702245909544
MBNL1,ORM1,543,35,1.78635451516243
HSP90AA1,PIM1,290,256,1.78624370981604
FYN,NEK11,234,345,1.78619554183154
ADRB3,DRD1,72,215,1.78615853457268
EGFR,PIK3CA,25,302,1.78545418734913
ESRRA,HDAC8,254,269,1.78433158994613
CSF1R,WNK1,77,430,1.78408736689796
HTR3C,SUN1,185,524,1.78403842831163
HSP90AA1,CMPK1,290,51,1.78331656136284
HSP90AB1,CMPK1,301,51,1.78331656136284
PDGFRB,WNK1,45,430,1.78263975365703
HDAC2,MACROH2A1,21,487,1.78124595294045
CDK2,SUB1,261,386,1.77992825921771
DRD2,KCNJ9,102,187,1.77957671105835
VCAN,PDGFRB,317,45,1.77954575740322
TUBB,MAP2K2,29,343,1.77953163034923
CSF1R,PIM1,77,256,1.77911835017568
PIK3R1,AXL,538,356,1.77885394443926
ZNF521,DDR2,579,339,1.77864673871898
OGT,FNIP1,627,366,1.7776528187844
MAPK14,ALK,245,328,1.77753134369155
ATL3,GART,414,83,1.77724417202641
EGFR,ATXN10,25,433,1.77661897205178
ANXA1,ANXA2,190,373,1.77402302602855
ABCC5,ALDH1A2,353,110,1.77364732256611
JAK1,PIM1,331,256,1.77354390685653
AXL,VCAM1,356,162,1.77294732531395
HAPLN3,A2M,320,59,1.77271242360005
DCAF12,TBL1XR1,481,477,1.77207077690822
CHORDC1,SEPTIN7,439,616,1.77172891863205
FNTB,PTP4A1,299,469,1.77141081729348
LCK,NEK11,230,345,1.77096813668096
G3BP1,PUM1,420,539,1.7708286817151
SIK1,BRAF,344,40,1.7704791264412
FPGS,SLC20A1,16,457,1.76979230522895
ABCC5,ALDH1A1,353,108,1.76970289166801
CHRM3,GTPBP2,298,424,1.76931391699507
NCOA2,RGL1,252,407,1.76777973952461
TOP1,ARID1A,124,380,1.76754132344052
LCK,NOS2,230,224,1.76745417110743
NR3C1,ALDH5A1,36,20,1.76728932532978
FRK,PCBP1,241,537,1.76708200208356
PDGFRB,PIM1,45,256,1.7661056000083
CDK2,TAGLN2,261,369,1.76495635114539
MOB4,MINK1,383,397,1.76462502134762
ABCC5,ALDH5A1,353,20,1.76416491487992
MAPK14,LCK,245,230,1.76404603503058
HSP90AA1,TMSB4X,290,378,1.76046630688957
ADRB1,DRD5,70,214,1.76027381675865
ATP1B1,KMT2B,594,399,1.76027381675865
SUB1,SEPTIN7,386,616,1.75951984218873
SPTBN2,CACNA1B,495,87,1.7592519754974
GADD45A,NRBP1,482,502,1.75917819509409
CCT5,TUBD1,464,66,1.75732914930414
LASP1,SEPTIN3,541,596,1.75683525896486
SIK1,PDGFRA,344,78,1.75501962293549
CYP19A1,CRBN,192,53,1.75200984804442
DDR2,MAPKAPK2,339,259,1.75179927728352
YY1,MTSS2,514,574,1.75034705769814
LCK,YES1,230,231,1.74927833254171
LYN,TUBD1,243,66,1.74924321482503
SH2B3,LCK,310,230,1.74903528774704
RCN2,ZNF217,440,401,1.7479860838629
RARG,ARID1A,107,380,1.74758610133132
DNMT3B,HDAC2,249,21,1.74757057414687
DRD2,KCNJ3,102,160,1.74681600348292
ETS1,ARID4B,437,379,1.74678620128866
DDX5,TOP2B,396,99,1.74468312498992
DDX6,TOP2B,443,99,1.74468312498992
L1CAM,SPTBN2,188,495,1.74450337913097
CDK4,ERBB2,348,247,1.7438312516013
CSNK2A1,ITK,287,257,1.74366901816084
GSTP1,VCAM1,354,162,1.74253684273683
EPHA2,TAOK1,229,555,1.74177643108619
DRD4,KCNJ5,212,164,1.74048781184886
PDE3A,REEP4,431,561,1.74031203904917
ICAM1,RTL8C,314,423,1.74019181045959
DHFR,PGD,63,139,1.74010981687297
PDIA6,TXNRD1,599,199,1.739956088
PTK6,ADAM15,306,368,1.7397542121988
CDK2,RAF1,261,41,1.73953322772768
CCT5,TUBA1A,464,65,1.73873316140796
NLK,NEK11,363,345,1.73840158524249
ETS1,RARA,437,112,1.73831655347088
KCNJ6,BCL2L2,161,357,1.7381296502218
RBP4,TF,116,60,1.73797774207953
HSD17B1,RAD21,271,552,1.73755916370108
DDX5,TOP2A,396,52,1.73732815232736
DDX6,TOP2A,443,52,1.73732815232736
PDGFRA,TOP1,78,124,1.73442435180354
CCN2,FGFR2,518,338,1.73408128998415
SRSF1,SRSF11,563,494,1.73405180308567
PISD,MAP2K2,498,343,1.73391113738365
CHRM3,FLT4,298,42,1.73348348522196
CHRM3,SEPTIN3,298,596,1.73348348522196
ARL6IP1,WIPI2,484,500,1.73341087636943
SOGA1,BRPF3,458,570,1.73335527749835
CEBPA,NR1I2,418,6,1.73320292082237
ESR1,HSP90AA1,31,290,1.73311433483549
SNX5,DNAJB11,550,575,1.73304606494777
ADRB1,DRD1,70,215,1.73301983392595
KPNA1,RANBP2,476,631,1.73299971834736
TXNRD1,TBL1XR1,199,477,1.73296143601222
PPARA,TXNRD1,22,199,1.73272470771095
FAM168B,LASP1,466,541,1.73256651609533
NOS2,PIK3CG,224,262,1.73247313120035
PTGS2,SRC,56,228,1.73247313119232
FAM43A,FTL,585,589,1.73228765622887
E2F7,LCK,429,230,1.73153578048235
HCK,CD44,275,313,1.73124863092745
SRRM2,YWHAG,629,454,1.73120728893932
MAP4,RXRB,220,105,1.7310322297941
UBE2K,TXNRD1,597,199,1.73075907010418
ANXA1,VIM,190,413,1.7306998192349
HACD3,STAU1,374,471,1.73051293989801
CSNK2A1,LCK,287,230,1.73045737816717
ESRRA,BRPF3,254,570,1.73033775169505
TCF4,VGLL4,614,545,1.729882116
LDLR,MAP4,398,220,1.72987153281428
BRPF3,ARID4B,570,379,1.72975260389253
ZMYND11,BRPF3,526,570,1.72975260385243
HDAC2,PPARD,21,23,1.72970887853786
JAK2,LYN,330,243,1.72967803090113
CTDNEP1,ATP2A2,411,489,1.72945575005252
EBP,SERP1,96,542,1.72945313504651
BIRC5,BECN1,274,129,1.7294236580871
SUN1,HTR3A,524,146,1.72939549314238
HDAC6,ERBB4,268,347,1.7292407726134
DNAJB6,PPIF,459,547,1.72901028341108
PRKAB1,FNIP1,26,366,1.72893994620401
CMPK1,PRKAB1,51,26,1.72893994610781
SPINDOC,CRBN,619,53,1.72836441803593
BASP1,DDR1,488,79,1.72836260288496
CSNK2A1,PTK6,287,306,1.72829110265472
GNG5,CACNA1A,359,88,1.72814703521487
CACNG2,STXBP1,186,544,1.72811325339648
HDAC6,RNF145,268,608,1.72805301951933
PARP2,POLB,351,191,1.72804501064952
ESRRB,HACD3,253,374,1.72799012071331
TNPO1,MARCKS,387,473,1.72790184797946
CORO1C,VCAM1,533,162,1.72784592331143
PRKCQ,IKBKG,264,300,1.7277972178872
CCN1,PCBP1,620,537,1.72748257240413
EPHB4,RET,239,48,1.72740486885785
AHR,ZNF622,285,499,1.72737434075333
STAT5B,VCAM1,232,162,1.72726101774308
ABL2,AXL,233,356,1.72706130381175
CDH2,MAPK11,621,340,1.72672380364966
CDK2,PGR,261,30,1.72668957709772
ABL1,LASP1,80,541,1.7265652529117
SOGA1,HDAC7,458,297,1.72642878199143
AKT1,IMPDH2,203,131,1.72631763938304
ADRA2A,GRIA2,209,156,1.72627972213585
NCOA2,CCN2,252,518,1.72587588931077
KCNC4,BRAF,388,40,1.72580252695074
CCT5,DCAF12,464,481,1.72576917165756
PIK3CD,DDR1,303,79,1.7256999227627
DNMT3A,HDAC1,248,205,1.72564713398921
LZTS2,LZTS3,630,609,1.72562041564677
DDX6,TCF4,443,614,1.7255937081405
CSF1R,PDGFRB,77,45,1.72554882717547
DNAJB6,SNX4,459,546,1.7254083766171
EGFR,STAT5B,25,232,1.72533707128984
FSCN1,CACNA1A,480,88,1.72522992750075
MAP2K2,ZNF207,343,571,1.7251140079007
PIK3CA,BRAF,302,40,1.72508360025612
MAPK11,ARHGAP12,340,393,1.7250804821335
PARP1,DNMT1,350,189,1.72507806704782
FAM168B,POM121,466,551,1.72503695059089
OGDH,SLC25A3,19,461,1.72482292538727
HSP90AA1,BCR,290,75,1.72481874674603
E2F7,CCND1,429,200,1.72480745192539
EIF4G1,EIF3F,618,289,1.72464016945015
FRK,FYN,241,234,1.72460671247561
EPHA5,FYN,238,234,1.72460671247561
PDGFRB,SNX4,45,546,1.72459903437286
IGF2R,MARCKS,606,473,1.72459319158384
MAPK8,BCL2,98,219,1.72449896052107
PAFAH1B1,CAPZB,382,592,1.72417711570287
FLT3,YES1,44,231,1.72410344796635
ZNF207,EIF5B,571,523,1.72400521872308
STRN3,MINK1,493,397,1.72376678318194
JAK3,PIK3CD,332,303,1.72338651522455
ARPP19,IKBKG,361,300,1.72330359696511
GIPC1,ADRB1,612,70,1.72310313471403
ALK,PRKCQ,328,264,1.72303735629909
DRD2,KCNJ5,102,164,1.72295609238605
PIK3CG,SYK,262,258,1.72255793243478
ADRB3,HTR7,72,216,1.72247279135834
FGR,CORO1C,240,533,1.72239504745313
CORO1C,ALK,533,328,1.72239504744513
HDAC8,TAOK1,269,555,1.72209480728876
HIF1A,HDAC7,632,297,1.72204390048382
DNMT1,EED,189,510,1.72187288222154
EPHA5,ERBB2,238,247,1.72172564233152
SIK1,MAPK11,344,340,1.72167704747128
WNK1,HDAC9,430,18,1.7215969503255
PARP3,GSK3B,352,260,1.72158790699094
PPARG,MAP2K1,24,342,1.72153659133801
CSK,FYN,237,234,1.72139214472177
ABL1,BTK,80,235,1.72120402889012
PIK3CB,TEK,304,307,1.7210225217328
DRD2,SNX4,102,546,1.72100905937047
FYN,KIT,234,46,1.7209633832098
PGD,PRKAB1,139,26,1.72069371351779
MAPK14,HOXA10,245,1,1.72064943992048
EGFR,SEC61A1,25,434,1.72048166935855
DRD5,HTR7,214,216,1.72048054947703
SRCAP,MORF4L2,610,474,1.72022936696649
BASP1,RET,488,48,1.72020790691838
ZDHHC5,PPAT,557,246,1.7201971948129
ZDHHC5,LTA4H,557,272,1.7201971948129
DAB2,SRC,403,228,1.72018555458304
CSF1R,YES1,77,231,1.72004355389525
ESRRB,SEC61A1,253,434,1.71973331688308
FGF1,SYT1,309,595,1.71956711019095
CSK,GRB2,237,565,1.71942608143536
NME4,C1QBP,362,318,1.71940500836704
HSPA2,KCNC4,291,388,1.71910054646171
PGR,STAT5B,30,232,1.71891870438021
MAPK11,MAP2K4,340,566,1.71891861539647
A2M,SHBG,59,38,1.71886278366437
BRAF,FNIP1,40,366,1.71811018144362
HSP90AA1,PAFAH1B1,290,382,1.71793815510508
MAP2,PLEC,221,626,1.71790995046039
GIPC1,MAPK11,612,340,1.71782864174081
GADD45A,MAP2K4,482,566,1.71776815467027
HSP90AA1,MAPT,290,222,1.71772594369296
NCOA2,NR1I2,252,6,1.71762364642343
P2RY12,TTYH3,123,465,1.71738555379018
HTR1B,TTYH3,74,465,1.71738555379018
FLT3,PIM1,44,256,1.71737175544904
CSNK2B,ZNF521,288,579,1.71733188918008
EPHA2,ERBB2,229,247,1.71719266629854
SNX5,PSMB8,550,334,1.71695385138956
PRKCQ,SRC,264,228,1.71677618514831
PIK3R1,SYK,538,258,1.71652195760811
MAPT,TUBA4A,222,62,1.71635731726478
CEBPB,HDAC9,296,18,1.71621591012549
ALDOA,VCAM1,409,162,1.71604915186091
CSNK2A1,OGT,287,627,1.71595607226705
FYN,BTK,234,235,1.71591588422423
GRB2,SLC6A2,565,100,1.71587633457144
UBR5,TUBG1,404,67,1.71572966549146
ACTB,MORF4L2,286,474,1.71555564071093
ZNF207,SRSF11,571,494,1.71540529013087
HSP90AB1,NEK11,301,345,1.71531027947741
DRD1,HTR7,215,216,1.71530943767908
BCL2,NR4A3,219,236,1.71522474095341
CDH2,DDR1,621,79,1.71519596717172
ATXN10,API5,433,371,1.71515715663869
ERBB2,FGFR4,247,341,1.71499372227428
SEC61A1,STAU1,434,471,1.71494251732162
FDX1,FYN,85,234,1.71493718055085
MYO10,PIK3CB,419,304,1.7147181567748
CTNND1,FYN,415,234,1.71468096424755
FLT1,HCK,49,275,1.71450395922243
NRBP1,MAP2K2,502,343,1.71450386832542
GRIA2,POM121,156,551,1.714112019
EGFR,ATIC,25,64,1.7139949560335
ADRB1,HTR7,70,216,1.71396947864694
ZMYND11,PNN,526,534,1.7137756063796
CPEB4,ZCCHC3,623,467,1.7137203397643
DDX5,HDAC2,396,21,1.71366217825861
RAB11FIP2,JAK3,527,332,1.7136611168095
H2AX,TUB,554,428,1.71343261758845
ESRRB,HSP90AA1,253,290,1.71342634080941
PTK2B,PIK3R1,250,538,1.71339567303539
DAB2,LDLR,403,398,1.713364819
ESR1,ZNF217,31,401,1.71336195048149
ESR2,MED1,39,535,1.71326510307713
RGL1,RXRA,407,118,1.71326441073689
HSP90AB1,LCK,301,230,1.71314201722978
PPARG,ZBTB5,24,519,1.71309222927426
HDAC1,TOP2B,205,99,1.71302841176107
HDAC6,MAPT,268,222,1.71300954171253
DHFR,POLA2,63,138,1.71296304758951
RHOC,LIMK1,583,346,1.71293923564753
HTR2B,CBR1,104,295,1.71289394014636
JAK1,CTDSPL2,331,490,1.71284360789115
EBP,KDSR,96,497,1.71272456862719
IREB2,SRSF7,613,584,1.71269784164604
SPTBN2,STXBP1,495,544,1.71264900022183
RGL1,SIN3A,407,456,1.7125179734603
RGL1,MED1,407,535,1.71230627706365
GTPBP2,PSMB1,424,3,1.71226736497086
PGR,ARID1A,30,380,1.71219362418072
PPAT,HDAC3,246,267,1.7121455434838
SOGA1,COP1,458,605,1.71203707045331
ESR1,TXNRD1,31,199,1.71190543513523
ATP1B1,TUBB1,594,218,1.71187777889688
WNK1,YWHAG,430,454,1.71187307666306
GRB2,BTK,565,235,1.71173976806555
HSP90AA1,ITK,290,257,1.71165864633081
H2AX,LZTS3,554,609,1.71155128631776
CSNK2A1,TOP2A,287,52,1.71149806424978
FDX1,HIF1A,85,632,1.71134758427269
DNAJB6,UBE2Z,459,559,1.71121129307569
PDGFRA,SNX4,78,546,1.71120338651276
AP2B1,GRIA3,475,158,1.71106690217111
TBL1XR1,HDAC9,477,18,1.71072777389423
FRS2,FGF1,425,309,1.71058821050069
RGL1,NCOA1,407,251,1.71053412754083
FLT3,LCK,44,230,1.71049405110782
EML1,TUBB,432,29,1.71046176329093
CTDNEP1,PDGFRB,411,45,1.71034656823255
CHRNA9,POM121,166,551,1.71021996484747
HTR2B,ATP1B1,104,594,1.71013692633816
UBC,DAZAP2,444,581,1.70997531851255
NR3C2,MED1,32,535,1.70985818027042
RHOC,ARHGAP12,583,393,1.70982062296737
CYP17A1,ERBB2,33,247,1.70968925831372
PIK3CD,BTK,303,235,1.70945600786006
FRK,HSP90AB1,241,301,1.70943577194588
PDPK1,MAPK6,263,381,1.70939518896123
SF1,ZNF207,507,571,1.70938159541721
CSNK2A1,HDAC1,287,205,1.70925921001407
BCAM,PDGFRA,521,78,1.70922752593326
HSP90AA1,LIMK1,290,346,1.70904552951762
ABL2,HSPA8,233,242,1.70903055285797
NR3C1,FNIP1,36,366,1.70876393150783
JAK1,ATIC,331,64,1.70868847020995
NR0B1,MED1,223,535,1.70866750415691
ALK,MAPK11,328,340,1.70866521830425
PIK3R1,ZAP70,538,265,1.70862959376356
TOP1MT,KIF23,125,395,1.70837457457232
ATOX1,KIF23,61,395,1.70837457457232
CDK4,RUVBL2,348,292,1.70835686362616
HMMR,EIF5B,315,523,1.7083393871799
AR,BTG2,37,389,1.70831931703351
KDSR,HTR1B,497,74,1.70831295750687
ESRRB,ATP2A2,253,489,1.70818253968283
CDKN1A,PARP1,204,350,1.70812456270266
SOGA1,DYNLL2,458,509,1.70812216353186
CDK2,MSN,261,426,1.70804419586148
CSK,AKT1,237,203,1.70800667913554
ERBB2,BECN1,247,129,1.70785249785143
GPI,EIF5B,591,523,1.70780661143545
CRBN,POLB,53,191,1.70777037760694
JAK2,KITLG,330,562,1.7075947454715
KITLG,YES1,562,231,1.70759474543173
HSPA8,HSP90AA1,242,290,1.70744514511745
EMSY,MORF4L2,394,474,1.70733443725403
ACTB,CAPZB,286,592,1.7073178683642
UBR5,MED13,404,528,1.7073147759808
BEX3,SMARCD1,569,625,1.70720534920001
GIPC1,MOB4,612,383,1.70710617145053
LIMK1,MAPKAPK2,346,259,1.70709918865358
BTK,ADAM15,235,368,1.70670519957784
HABP4,ZCCHC3,326,467,1.70661218404768
SPTBN2,NOLC1,495,193,1.70656893108725
CDH2,RET,621,48,1.70651558180235
FLT3,LYN,44,243,1.70645699362388
EPHA2,ALK,229,328,1.706394884
CSNK2A1,BCR,287,75,1.70639464949096
ANXA2,CD44,373,313,1.70636827407238
HAPLN1,APP,319,491,1.70629889532268
HSPA2,BCAM,291,521,1.70602856830219
HMGCR,TBL1XR1,81,477,1.70597548100554
ATP2A2,KIF23,489,395,1.70585845645562
KPNA1,CTDSPL2,476,490,1.70581629296255
HMGCR,PPARA,81,22,1.70570704607993
PDGFRA,PIK3CA,78,302,1.70556192504534
DNAJB6,SLC29A1,459,163,1.70547963976604
FGR,KIT,240,46,1.7054065754855
CYP1B1,ESR2,255,39,1.70521174659877
JAK3,PIK3R1,332,538,1.70515053681761
CCN2,FGFR3,518,308,1.70479736620264
SLC29A1,HTR2C,163,213,1.70476827728008
AXL,G3BP2,356,385,1.70471449452033
GSPT1,CRBN,588,53,1.70469671397716
ERBB4,IRF2BP2,347,492,1.70467674120822
FYN,HSP90AB1,234,301,1.70466706542026
MORF4L2,HDAC9,474,18,1.70421692460999
MBNL1,CBR1,543,295,1.70417000879484
LCK,LYN,230,243,1.70414384098713
CSNK2A1,HCK,287,275,1.70414227236806
ZMYND11,DYNLL2,526,509,1.70406628005042
AP2B1,GRIA4,475,157,1.7038226866435
HABP4,PRKCQ,326,264,1.70372659929567
ESRRB,SLC25A3,253,461,1.70344901349158
PPARA,RXRB,22,105,1.70344866310949
MTPN,CAPZB,455,592,1.7033314798165
FNDC3A,PDGFRB,372,45,1.70322650955405
ACTB,SSH2,286,449,1.70321685423851
ZFAND5,IKBKG,617,300,1.70316900126412
HDAC1,YY1,205,514,1.7031464242609
E2F1,TYMS,400,15,1.70301007115104
UBE2D3,BZW1,486,365,1.70295365756806
MAPK14,IKBKB,245,198,1.7029225546265
MBNL1,SPTBN2,543,495,1.70271928767906
JUN,NCOA1,69,251,1.70241251247827
RGL1,HDAC3,407,267,1.70232014283416
FRS2,RAP1A,425,602,1.70229207923769
G6PD,MAP2K1,377,342,1.70213119807908
CSNK2A1,ALK,287,328,1.70171595853441
MPG,RAD23B,58,525,1.70155019709906
NOS2,CALU,224,450,1.70151839969907
CTDSPL2,RANBP2,490,631,1.70137936697823
DDR2,WNK1,339,430,1.70136661620046
ACTB,SCN8A,286,11,1.70131602297279
CYP1B1,ESR1,255,31,1.70118580659604
ABL1,HSP90AA1,80,290,1.70103649179262
PSME3,PML,515,206,1.70090379400668
ABCC5,DDX5,353,396,1.70057840749291
STAT5B,DDR1,232,79,1.70031381509615
SEC61A1,PSMB10,434,337,1.69993012339526
MED1,NR4A3,535,236,1.69983153479318
GRB2,PIK3CB,565,304,1.69980931743497
ORM1,MAPK6,35,381,1.69975311090134
NOS2,HACD3,224,374,1.69946780656044
AP2B1,GRIA2,475,156,1.69938980686063
FGFR3,BEX3,308,569,1.69918507445827
GSPT1,PRKAB1,588,26,1.69905785079046
CCN2,RXRA,518,118,1.69881326679738
MED1,RARB,535,113,1.69880270680483
POLB,SSRP1,191,628,1.69845068322215
FGFR2,PGR,338,30,1.69835218952438
HSP90AA1,PTK6,290,306,1.69820630768395
ALDOA,CACNA1A,409,88,1.69820120573874
CCN2,SIN3A,518,456,1.69801510822652
PFN2,PRKAB1,582,26,1.69783492355462
CCN2,MED1,518,535,1.69778871212124
ALK,PIK3CB,328,304,1.69775513732111
STXBP1,CACNA1A,544,88,1.69757746662577
FLT1,ANXA2,49,373,1.69757108616024
CITED2,MAPK1,531,202,1.69755342360493
UBR5,NR1I2,404,6,1.69752902562131
CTDNEP1,FTL,411,589,1.69741160907937
PATL1,CPEB4,624,623,1.69736525611839
CTNND1,GSK3B,415,260,1.69733120152035
EED,MACROH2A1,510,487,1.69716889999647
E2F7,HIF1A,429,632,1.69703949431953
AKT1,NQO2,203,284,1.6969741014799
ATL3,MBNL1,414,543,1.69676161225358
PLEC,VIM,626,413,1.69674859454133
HSP90AB1,SLC6A4,301,92,1.69667243466902
CYP17A1,HSP90AB1,33,301,1.69667243462941
FGR,MET,240,329,1.69666561434802
PRKAB1,RRM1,26,50,1.69663278188246
HDAC1,MACROH2A1,205,487,1.69660065008612
HDAC2,HDAC7,21,297,1.69660033361501
CHRM1,HRH1,266,103,1.69656597498634
AKT1,BECN1,203,129,1.69656251355927
FLOT2,DDR1,417,79,1.69654920197016
CPEB4,G3BP2,623,385,1.69653053424241
QKI,MED13,447,528,1.69650741844165
KIT,PTK6,46,306,1.69650558621038
CSF1R,PIK3CA,77,302,1.69649881291506
EBP,ESRRG,96,97,1.6963804858506
MBNL1,VCAM1,543,162,1.69635597284073
DRD1,DRD3,215,207,1.69628845831816
ATP2A2,HACD3,489,374,1.69611474697208
GALNT10,BCL2,421,219,1.69607829829977
ABL2,KIT,233,46,1.69606700386627
PDGFRB,RAF1,45,41,1.69597517111983
BIRC5,KCNJ6,274,161,1.6959244952242
CCN2,NCOA1,518,251,1.69589296848867
TUBA4A,TUBG1,62,67,1.69588821943858
ERBB4,HSP90AA1,347,290,1.6957278578156
MAPK11,STK17B,340,283,1.69568887149954
LIMK1,RAF1,346,41,1.69568887149954
HIBCH,TXNRD1,281,199,1.69568887149954
HDAC7,PPARD,297,23,1.69559986105159
SEPTIN3,MAPK6,596,381,1.69556359671526
DYNLL2,KMT2C,509,435,1.69544020325379
SLC29A1,PDPK1,163,263,1.69535521808695
HIBCH,H2AX,281,554,1.69517032108574
ABCC5,DDX6,353,443,1.69513607249805
ITK,MET,257,329,1.6951203243634
EML1,TUBA1A,432,65,1.69509342704432
ZNF622,MACROH2A1,499,487,1.69496637399401
DDX5,ZNF217,396,401,1.69477202166308
POLA1,MAP2K2,194,343,1.69476714989665
MTOR,EIF3F,140,289,1.69466043885752
EGFR,YES1,25,231,1.69452946450546
DYNLL2,HMMR,509,315,1.6942895294187
HDAC1,HIF1A,205,632,1.69425620137129
ACTB,SCN1B,286,7,1.69419018259436
PSME3,FLOT2,515,417,1.69414008750389
ZMYND11,SRRM2,526,629,1.69411644251285
MGA,HDAC1,601,205,1.69409670686669
G3BP1,DDX6,420,443,1.69399782735847
MIER1,EZR,442,506,1.69395431851672
HTR2C,ADAM9,213,405,1.69394731433474
MTPN,PRKAB1,455,26,1.69371300674014
ADRB1,DRD4,70,212,1.69368796259602
PTK6,BTK,306,235,1.69350256144333
PAFAH1B1,TUBA1A,382,65,1.69321053911484
ZDHHC5,PGD,557,139,1.69313241652209
SNX5,VAPB,550,452,1.69305811119891
PIK3R1,RET,538,48,1.69301123130494
ESR1,TBL1XR1,31,477,1.69300549525429
CDH5,TJP1,55,508,1.69296173615058
DDX6,PIM1,443,256,1.6929531453273
ALDOA,FLOT2,409,417,1.69292969706621
LCK,KITLG,230,562,1.69286553568627
UBR5,ZNF207,404,571,1.6926140091975
TLN1,VCAM1,422,162,1.69260167033224
HIF1A,HSP90AB1,632,301,1.69253711168449
EGFR,HDAC7,25,297,1.69251341109976
HSPA8,BRAF,242,40,1.69243582868533
CHRM1,HTR2B,266,104,1.69240928892133
FLT1,YES1,49,231,1.69240405174462
CHRNA7,FYN,165,234,1.69233950050154
ADRA1B,HRH1,94,103,1.69225505255491
HTR7,TUBB1,216,218,1.6922550524442
MARCKS,SSRP1,473,628,1.69216833088169
CSNK2A1,PDGFRA,287,78,1.69209701670257
G3BP1,MOB4,420,383,1.69205016951829
SRCAP,FTL,610,589,1.6920341401268
FRS2,FGFR4,425,341,1.69197543088919
A2M,C1QBP,59,318,1.69179124368282
NCOA2,ESRRB,252,253,1.69173284230744
HDAC6,CCT5,268,464,1.6917315027366
ITGAL,ITK,82,257,1.69172723797676
LASP1,API5,541,371,1.69167302032025
TOP1,HDAC9,124,18,1.69158798942071
PRKAB1,FSCN1,26,480,1.69145911944312
PUDP,HDAC3,367,267,1.69144765849255
EPHB4,PDGFRA,239,78,1.69134063545076
HSP90AB1,MAP2K2,301,343,1.69125689845153
PARP1,RARA,350,112,1.69117367748673
EBP,HTR3A,96,146,1.69106075505278
FLT3,IKBKB,44,198,1.69101316396699
HSPA2,TXLNG,291,600,1.69098911582509
HNRNPU,ITGAL,370,82,1.6909420757081
JAK3,TUBB1,332,218,1.69092413464276
GABRB1,HSPA8,167,242,1.69086973404339
HSP90AA1,NEK11,290,345,1.69073715305363
AP2B1,GRIA1,475,152,1.69064409879323
PDGFRA,GALNT10,78,421,1.69059153229633
CSNK2A1,HSP90AA1,287,290,1.69049290199556
RAD21,TMSB4X,552,378,1.69048766924799
SIN3A,NDRG4,456,462,1.69038953586749
MYO10,SYK,419,258,1.69030637145482
CDK4,FNIP1,348,366,1.69030338387183
CHRM1,HTR2A,266,101,1.69026570590564
GIPC1,STRN3,612,493,1.69021984885798
CHRNB2,POM121,159,551,1.69016849718643
TNPO1,MAPKAPK2,387,259,1.69013323352665
PARP2,STXBP1,351,544,1.68994915556542
FAM43A,TUBA1A,585,65,1.68988237382885
FYN,PIK3R1,234,538,1.68985424430887
JAK1,PIK3CD,331,303,1.68979096225342
CPEB4,PUM1,623,539,1.68967440098112
EGFR,ATP2A2,25,489,1.68966270705891
CDK2,TOP1MT,261,125,1.68959814665001
BECN1,SNX4,129,546,1.68956955417743
ERBB4,ABL1,347,80,1.6895670818249
HIBCH,C1QBP,281,318,1.6895398973415
HSPA2,IRF2BP2,291,492,1.68941037250933
HACD3,OGT,374,627,1.68934523587127
ZDHHC5,ANXA11,557,412,1.68933850255684
TAOK1,RAF1,555,41,1.68930921012523
ACTB,MTSS2,286,574,1.68927361121981
SIK1,VIM,344,413,1.68914358774272
FTL,ZNF622,589,499,1.68913058618625
HCK,HSP90AB1,275,301,1.68886394953498
JAK2,PIK3CD,330,303,1.68859738703751
RXRA,TXNRD1,118,199,1.68855972414694
LYN,KITLG,243,562,1.68848297257054
PGD,PPARG,139,24,1.6883666335396
MED1,NR1I2,535,6,1.68836485908918
H2AX,ELOVL5,554,586,1.68821502798987
ESR2,SCN1A,39,5,1.68813678337253
OSBPL8,CD44,511,313,1.68811190090093
BRPF3,RCN2,570,440,1.68808904679769
HSP90AA1,PPARD,290,23,1.68804824244195
FPGS,PUDP,16,367,1.68804533184813
ADRA1B,HTR2B,94,104,1.68801439557442
DDX5,HDAC3,396,267,1.68796891883084
DNAJB6,ESRRB,459,253,1.68795630117178
ETS1,RAD23B,437,525,1.68795493326946
PARP1,E2F1,350,400,1.68793560008892
CHRM1,ADRA1A,266,93,1.6878895894675
NRBP1,PDPK1,502,263,1.68784230206084
SIN3A,TXNRD1,456,199,1.68772296651627
NCOA2,HMGCR,252,81,1.68762860074545
HSPA8,WNK1,242,430,1.68757848669856
MED1,TXNRD1,535,199,1.68748559826356
MET,PTK6,329,306,1.68739106184114
E2F1,ARID4B,400,379,1.68724640456258
SRC,TLN1,228,422,1.68717824920481
CCN2,HDAC3,518,267,1.68709342262864
ABL2,MET,233,329,1.68693370924378
LIMK1,BAD,346,358,1.6869049137723
CSNK2A1,BTK,287,235,1.68689964646017
PAFAH1B1,TAOK1,382,555,1.68687329618243
HSP90AB1,IMPDH2,301,131,1.68683098337237
ZCCHC3,PUM1,467,539,1.68679368288851
NR3C1,IRF2BP2,36,492,1.68676006757838
LYN,TTYH3,243,465,1.6867355599587
PHB2,C1QBP,312,318,1.68672846723824
ICAM1,MSN,314,426,1.68667458407956
DRD2,KCNJ6,102,161,1.6866635122747
HDAC6,EGFR,268,25,1.68665224327247
ZDHHC5,ATIC,557,64,1.68661511302453
TUBA1A,TNFSF11,65,54,1.68660193793489
JAK1,RAF1,331,41,1.68641416214008
DNAJB6,MRFAP1,459,472,1.6863630218154
SLC29A1,RAB5A,163,446,1.68634973458611
DDR1,NOLC1,79,193,1.68630684854176
ETS1,EIF5B,437,523,1.68609945411654
PNN,API5,534,371,1.68586727494114
ESRRB,ANXA2,253,373,1.68585404981141
ADRA1B,HTR2A,94,101,1.68582695029785
UBR5,ZNF622,404,499,1.6858094906813
ADRA1A,HRH1,93,103,1.68578531892825
MED1,RARG,535,107,1.68575727160612
ZDHHC5,TXNRD1,557,199,1.68572876311401
CYP19A1,H2AX,192,554,1.68560560515855
BIRC5,TAOK1,274,555,1.68559462463518
HSP90AB1,BTK,301,235,1.68556908009879
YES1,ADAM15,231,368,1.68556710901542
HMMR,JAK2,315,330,1.68556710898386
TXNRD1,NCOA1,199,251,1.6854975678877
ABL1,JAK1,80,331,1.68533024447798
PDPK1,PIK3CD,263,303,1.68528824240894
PRKAB1,PTP4A1,26,469,1.68508188593257
A2M,MRFAP1,59,472,1.68500859489639
TOP2A,VCAM1,52,162,1.68489125158712
HDAC2,MORF4L2,21,474,1.6847110067567
EZR,ZNF622,506,499,1.68468769481249
CDK2,IMPDH2,261,131,1.68462173319439
PSME3,UBE2Z,515,559,1.68454878617999
ERBB4,FGR,347,240,1.68454070778146
ARID4B,RANBP2,379,631,1.6845253242422
GIPC1,DRD3,612,207,1.68448051002569
IRF2BP2,TCF4,492,614,1.68419966326309
JAK2,RAF1,330,41,1.68418438156989
FRK,HSP90AA1,241,290,1.68414661296538
RXRA,UBE2Z,118,559,1.68411043492406
FRS2,PIK3CB,425,304,1.6840970577501
MAPK1,BCL2,202,219,1.68396206064815
HSP90AA1,SRC,290,228,1.68391869973078
GSK3B,LTA4H,260,272,1.68388566303842
PHB2,ESRRB,312,253,1.68380844724759
SEC61A1,PSMB8,434,334,1.68371495582369
VCAM1,CAPZB,162,592,1.68356564257714
DNAJB6,TUBA1A,459,65,1.68312104574953
ABL1,JAK2,80,330,1.68309100028057
ERBB4,ITK,347,257,1.68290669099103
ERBB2,PDGFRB,247,45,1.68276285339492
MAPK3,TTYH3,201,465,1.68267530112947
MAPK3,TEK,201,307,1.68267530112947
KITLG,PIK3CA,562,302,1.68257330123137
MAPK6,SLC20A1,381,457,1.68254631099037
HABP4,MORF4L2,326,474,1.68250493841893
CORO1C,BTK,533,235,1.68234206523365
CHRM1,ADRA1D,266,95,1.68225715673361
HDAC6,MAPK3,268,201,1.68213290738499
PTK2B,TLN1,250,422,1.68212933251093
CSK,DDR1,237,79,1.68207747311557
SRC,CD44,228,313,1.68204103969217
GADD45A,DNMT1,482,189,1.68199366102738
GRB2,ARHGAP12,565,393,1.68197273161682
NOS2,RCN2,224,440,1.68195838345567
SRSF1,SRSF7,563,584,1.68191204380499
GIPC1,BCR,612,75,1.68188148060305
SIN3A,IRF2BP2,456,492,1.68184404899822
PML,HDAC3,206,267,1.6817287034671
ZDHHC5,ZNF207,557,571,1.68144475843375
ADRA1A,HTR2B,93,104,1.68141585274708
SF1,ARHGAP12,507,393,1.68137617092967
CSK,ZAP70,237,265,1.6813595118257
DNAJB6,EIF4G2,459,408,1.68128042218471
FGFR2,STAT5B,338,232,1.68118718009619
UBR5,UBE2D3,404,486,1.68117156247804
DNMT3A,MACROH2A1,248,487,1.68110414379597
KIT,ZAP70,46,265,1.68108473936642
ACADSB,C1QBP,17,318,1.68104813315002
APP,STXBP1,491,544,1.6809704140038
EIF5,PUM1,390,539,1.68096566454337
ALK,JAK2,328,330,1.68095580404729
WIPI2,UBA1,500,294,1.68086173594736
ERBB4,PGR,347,30,1.68078033697535
PIK3CA,TEK,302,307,1.68077782242723
CDK4,PGD,348,139,1.68040647965908
ESRRB,VAPB,253,452,1.68039819807441
CDH5,PIK3CB,55,304,1.68031712280881
GSPT1,UBR5,588,404,1.68023469785839
ADRA1D,HRH1,95,103,1.6800977317082
AP2B1,L1CAM,475,188,1.68002078322783
PAFAH1B1,HDAC8,382,269,1.67999919711093
MED1,RXRG,535,106,1.67999786565799
TLN1,DDR1,422,79,1.67991293890495
FLT3,ABL1,44,80,1.67983282235344
CDH5,POM121,55,551,1.67960674263993
GPRC5A,KIF23,109,395,1.67958366476372
PIK3CD,SYK,303,258,1.67921968122044
ADRA1A,HTR2A,93,101,1.67916109257277
MIER1,RAD21,442,552,1.67912411633289
JAK3,KIT,332,46,1.67896690454406
HTR7,SLC25A3,216,461,1.67873841936475
BIRC5,HDAC8,274,269,1.67867961762944
PPIF,BCL2,547,219,1.67867317459466
MAPK3,PTGS2,201,56,1.67839561862542
PSMB2,VCAM1,336,162,1.67836014613731
HDAC1,EED,205,510,1.67834153019092
PDGFRA,ADAM9,78,405,1.67824078302481
OGDH,PPAT,19,246,1.67802929176785
ABL2,SF1,233,507,1.67797922529114
RXRA,HDAC3,118,267,1.67776436701056
FGF1,PIK3CB,309,304,1.67749829777397
ABL2,PDGFRB,233,45,1.67737717138417
CEBPA,MED13,418,528,1.67729138567256
ESRRA,RXRA,254,118,1.67725982242434
MAPK1,RARA,202,112,1.67722230709786
HIF1A,MAPK1,632,202,1.67714412129291
SEC61A1,PSMB9,434,335,1.67712781492582
HSPA8,SLC6A4,242,92,1.67693197944031
FYN,JAK2,234,330,1.67693115821061
GALNT10,TUBA4A,421,62,1.67690437134411
AR,SMARCD1,37,625,1.67686669226846
CSK,RAP1A,237,602,1.6768461292994
HNRNPA2B1,ARID4B,392,379,1.6767662291091
PARP1,CTDSPL2,350,490,1.67676341637108
NOS2,ATP2A2,224,489,1.67671860875828
ADRA2A,ADRA2C,209,210,1.67666058178288
MBNL1,TF,543,60,1.6765093363603
FLT3,FYN,44,234,1.6764380477676
PPARA,TBL1XR1,22,477,1.67635345193244
OSBPL8,BAD,511,358,1.67634162155453
TXNRD1,HDAC3,199,267,1.67625998632838
HCK,IMPDH2,275,131,1.676204422
ESRRA,MED1,254,535,1.67612867203153
ETS1,JUN,437,69,1.67599768744193
FGFR2,U2SURP,338,402,1.67598852942492
STXBP1,EIF5B,544,523,1.67586072978424
ABL2,GRB2,233,565,1.67575992215756
UBE2E3,TBL1XR1,463,477,1.67574268950915
RANBP2,KIF3B,631,504,1.67571162847479
SIN3A,ARID4B,456,379,1.67562764458344
ADRA1D,HTR2B,95,104,1.6756122416905
CHRM3,HRH1,298,103,1.67556786702889
GRB2,CD164,565,615,1.67531343959861
HSPA8,STXBP1,242,544,1.6752772841727
ADRA2B,HTR1D,211,208,1.67526943862891
ETS1,COP1,437,605,1.67513080995702
CEBPA,NOLC1,418,193,1.67512703179166
MAPT,SRC,222,228,1.6749368110981
FGFR2,PIK3R1,338,538,1.67485755659798
ERBB4,PTK6,347,306,1.67472492526906
DDX5,EED,396,510,1.67471000900726
HSP90AB1,DDR2,301,339,1.67463139844779
RAP1A,TLN1,602,422,1.67462914390834
RAB5A,KIF3B,446,504,1.67454841318486
EGFR,TRPV1,25,311,1.67446566923203
CSNK2A1,SRRM2,287,629,1.67423831830024
DDR2,SRC,339,228,1.67420562007503
PRKAB1,API5,26,371,1.67416324496905
CSNK2A1,FNIP1,287,366,1.67415736045983
ADRA2B,GPER1,211,127,1.67411228594622
PARP2,CD44,351,313,1.67377592898974
MSN,PRKAB1,426,26,1.67372081293518
PSMB2,PSMB10,336,337,1.6737109072758
KDSR,MAPK6,497,381,1.67367040710966
HNRNPA2B1,PCBP1,392,537,1.67364061450042
PPAT,STAU1,246,471,1.67333101571562
ADRA1D,HTR2A,95,101,1.67329681689791
CEBPB,HDAC1,296,205,1.67326794956236
PIK3CB,DDR1,304,79,1.67326001960117
FRS2,PDGFRB,425,45,1.67320062581564
MYO10,PIK3CA,419,302,1.67316678532588
SOGA1,LZTS2,458,630,1.67307296568447
CHRM3,ADRA1B,298,94,1.67307005168632
ADRA2C,HTR1D,210,208,1.67304986851785
ADRA2A,HTR1D,209,208,1.67304986851785
APP,ZNF622,491,499,1.67301264047459
SEC61A1,PSMB2,434,336,1.6729409260816
ERBB2,FLT3,247,44,1.67283485458521
PGR,SMARCD1,30,625,1.67279547232554
SRC,TNFSF11,228,54,1.67247584791385
ABL1,RTL8C,80,423,1.67245897291741
ITK,KPNA1,257,476,1.67236688019643
HNRNPU,GTPBP2,370,424,1.67234358578117
BCR,DDR1,75,79,1.67228335101329
ACSL4,RAB5A,520,446,1.67200813644173
HSPA2,EMSY,291,394,1.67200813634755
ADRA2C,GPER1,210,127,1.6718809685048
ADRA2A,GPER1,209,127,1.6718809685048
PDGFRB,VEGFA,45,305,1.67185472853117
ADRA2B,HTR1A,211,73,1.67184606759707
SYK,HDAC9,258,18,1.67182512068579
ABL2,JAK1,233,331,1.67177792961296
CDK2,CEBPA,261,418,1.67173868811232
SRRM2,SEPTIN7,629,616,1.67169188690279
ADRA2B,OPRK1,211,34,1.67156713270468
TMED2,RAB5A,513,446,1.67138515214874
CSF1R,FYN,77,234,1.67136955275947
MET,ZAP70,329,265,1.67128943086247
NOS2,SLC25A3,224,461,1.67124087720164
GABRA3,PIK3R1,151,538,1.67116809572976
PSMB10,COP1,337,605,1.67112083360373
CHRM3,HTR2B,298,104,1.67098809046039
ATL3,VAPB,414,452,1.67097479772447
AHR,ICAM1,285,314,1.67091147035453
TOP2A,ARID1A,52,380,1.67080799404673
LASP1,G3BP2,541,385,1.67036214225759
CSK,TJP1,237,508,1.67036214225759
ERBB2,VAPB,247,452,1.67033607837304
JAK3,PIK3CB,332,304,1.67031020575504
NRBP1,MED1,502,535,1.67029929243552
ADRB3,PIK3CG,72,262,1.67013434768023
IRF2BP2,HDAC3,492,267,1.67006140563167
PNN,YWHAG,534,454,1.66973567408569
ADRA1B,DRD4,94,212,1.66973231236356
BRPF3,BCR,570,75,1.66968502236773
ADRA2A,HTR1A,209,73,1.66959159198335
ADRA2C,HTR1A,210,73,1.66959159198335
ITK,SYK,257,258,1.66950179823069
CSNK2B,LYN,288,243,1.6694825408717
SLC25A3,UBC,461,444,1.66943845659053
ANXA2,MAPT,373,222,1.66938316014725
PHB2,ATXN10,312,433,1.6693494420135
ADRA2C,OPRK1,210,34,1.66930979283199
ADRA2A,OPRK1,209,34,1.66930979283199
SIK1,MAPT,344,222,1.6692966275843
HIF1A,AR,632,37,1.66929604335604
CEBPA,VDR,418,0,1.66924205726289
SIN3A,PFN2,456,582,1.66916235404663
BASP1,ZDHHC5,488,557,1.66911142821466
ESRRA,PPARG,254,24,1.66907901536635
DRD4,STXBP1,212,544,1.66902178368154
CSNK2A1,FRK,287,241,1.66902140586723
DDR2,PIM1,339,256,1.66894333478956
CHRM3,HTR2A,298,101,1.66862334519202
ICAM1,NOS2,314,224,1.66822834945395
PATL1,PUM1,624,539,1.66819196288585
GPER1,HTR1D,127,208,1.66819047196184
RHOC,BCR,583,75,1.66787737076951
MAP2K1,MAP2K4,342,566,1.66787429999514
DNMT3B,MACROH2A1,249,487,1.66786023189727
PADI4,HDAC2,197,21,1.66766742797377
DRD5,PIK3CG,214,262,1.66759678639708
TOP1,VCAM1,124,162,1.66756465113826
HNRNPD,ZNF207,530,571,1.66740221753436
NME4,HDAC7,362,297,1.66727688666436
PUM1,G3BP2,539,385,1.66723806929521
RARA,TOP2B,112,99,1.66709720003608
BAD,WNK1,358,430,1.66700911806524
LIG3,CRBN,14,53,1.66700874192306
ZDHHC5,PFN2,557,582,1.66699152701669
VIM,ZNF217,413,401,1.66684043545817
TUBA1A,PUDP,65,367,1.66683723448512
HSP90AA1,IKBKB,290,198,1.66680099487473
HACD3,VAPB,374,452,1.66663967534268
FYN,SV2A,234,217,1.66659366063053
KDR,MET,43,329,1.66656263358024
HNRNPD,PTGS2,530,56,1.66651845228316
CDKN1A,TMSB4X,204,378,1.66651049690491
FTL,TOP2B,589,99,1.66643984187685
MBNL1,PSMB8,543,334,1.66640427072972
LYN,ADAM9,243,405,1.66631166329325
ADRA2B,DRD3,211,207,1.66617557214239
MAP2,ACTB,221,286,1.66612513236388
EPHA2,FGFR4,229,341,1.66611585990977
CHRM3,ADRA1A,298,93,1.66599969484717
DYNLL2,MOB4,509,383,1.66599042152004
AP2B1,ATXN10,475,433,1.66589368838727
EIF4G2,EIF3F,408,289,1.66587073631721
TUBB,TUBG1,29,67,1.66581793441619
HTR1D,OPRK1,208,34,1.6655757657805
CDK4,HSP90AB1,348,301,1.66557479921716
UBR5,PGR,404,30,1.66551999077059
PDGFRB,STAT5B,45,232,1.66543301542162
CCN2,ACTB,518,286,1.66494762484611
SEC61A1,PRKAB1,434,26,1.66493617814731
ZDHHC5,CHORDC1,557,439,1.66492323109479
ADRA2B,DRD4,211,212,1.66487966192461
PSMB5,PSMB10,2,337,1.66486912252022
GPER1,HTR1A,127,73,1.66465472798275
TLN1,TPM1,422,572,1.66438047109415
GPER1,OPRK1,127,34,1.66436657078153
MAP4,RAB5A,220,446,1.6642494260745
MET,PIK3R1,329,538,1.66413923483893
SEC61A1,PSMB5,434,2,1.66406766799213
PSMB9,G3BP2,335,385,1.66395624395339
PSMB9,NOLC1,335,193,1.66395624395339
ADRA2A,DRD3,209,207,1.66386226600137
ADRA2C,DRD3,210,207,1.66386226600137
CSK,SLC25A3,237,461,1.66376827582215
HCK,KIT,275,46,1.66375999392434
CSK,TLN1,237,422,1.66348030173139
SLC25A3,MAP2K2,461,343,1.66347067186328
SRRM2,API5,629,371,1.66338172590883
OSBPL8,PDPK1,511,263,1.6629802946453
ZBTB18,HSPA8,593,242,1.66288549337664
ERBB2,FLT4,247,42,1.66282490335138
CLTC,SNX5,375,550,1.66274041441024
ADRA2C,DRD4,210,212,1.66255273292305
ADRA2A,DRD4,209,212,1.66255273292305
FRS2,PDPK1,425,263,1.66250426498278
HIF1A,BCL2,632,219,1.66247365160792
PDIA6,CRBN,599,53,1.66238426423178
RANBP2,TOP2B,631,99,1.66212967401573
NLK,RANBP2,363,631,1.6621296740001
GRIA4,VIM,157,413,1.66209661384257
ABCC5,ACADSB,353,17,1.6620104984846
HTR1A,OPRK1,73,34,1.66199774170962
EGFR,L1CAM,25,188,1.66193073953582
KIT,BTK,46,235,1.66175465733755
HSP90AB1,NR3C2,301,32,1.66172578999813
ETS1,PLEC,437,626,1.66170750053705
PCBP1,ZNF622,537,499,1.66162662717524
VCAM1,SF1,162,507,1.66160323860829
ACTB,SHBG,286,38,1.66150842137755
MAPK14,FYN,245,234,1.66150702610733
JUN,ALDH5A1,69,20,1.66150150893629
FGFR1,ITK,47,257,1.66144676411995
NR3C1,HDAC1,36,205,1.66130858163026
KDR,WNK1,43,430,1.66129971193489
EPHA2,CD44,229,313,1.66128660005432
FRS2,BRAF,425,40,1.66107967782427
TAOK1,RANBP2,555,631,1.66104474515342
HDAC1,TBL1XR1,205,477,1.66098422605849
DRD1,PIK3CG,215,262,1.66098407414146
DDX5,MAP4K4,396,549,1.66063280886043
FGR,CCT5,240,464,1.66060338672138
FGR,HNRNPA2B1,240,392,1.66060338672138
FNDC3A,HNRNPD,372,530,1.66057381588609
DDX6,CPEB4,443,623,1.66055135937927
U2SURP,SF1,402,507,1.66049668613607
GADD45A,RARA,482,112,1.66042403935553
TUBB,ARL2,29,496,1.66036241338246
RAB5A,ARHGAP12,446,393,1.66034541057501
ALK,NLK,328,363,1.66031600700847
POM121,G3BP2,551,385,1.66027834932997
HCK,BTK,275,235,1.66027027517966
ESR1,CBR1,31,295,1.66007784672713
DRD3,HTR1D,207,208,1.66003459250781
MAPK8,HDAC9,98,18,1.659862728
MAPK3,ADAM15,201,368,1.65982686146038
CEBPA,HDAC1,418,205,1.65979716586318
FGFR4,CD44,341,313,1.65977043989683
CHRM3,ADRA1D,298,95,1.65977043984216
GADD45A,FTL,482,589,1.65974659397593
ADRA2B,HTR1B,211,74,1.65963893014573
ADRA2B,P2RY12,211,123,1.65963893014573
NR3C1,ATP1B1,36,594,1.65955846512123
PRKAB1,TUBB1,26,218,1.65954447926626
HDAC6,FNTB,268,299,1.65941346147073
E2F1,POLA1,400,194,1.65940995912361
FLT3,IKBKG,44,300,1.65938646544485
ADRB1,PIK3CG,70,262,1.65926434289926
FGR,LYN,240,243,1.65924318433968
ANXA1,KMT2B,190,399,1.65911951655599
GRB2,JAK1,565,331,1.65905302308324
RAD21,KIF3B,552,504,1.65892185408854
DRD3,GPER1,207,127,1.65879478551837
EGFR,PIK3CB,25,304,1.65873810148238
DRD4,HTR1D,212,208,1.6587022592626
MAP2K1,WNK1,342,430,1.65865519149126
ESRRB,MED1,253,535,1.65849267123644
CDK6,MAP2K1,349,342,1.65827826768576
LDLR,RAB5A,398,446,1.65818984000505
STAT5B,YES1,232,231,1.65814894656958
ANXA2,VCAM1,373,162,1.65811050597369
ITK,BTK,257,235,1.65805405483765
MAP3K2,MAP2K2,516,343,1.65787944700857
HDAC6,G3BP1,268,420,1.65785088092229
ERBB4,ZAP70,347,265,1.65763337298966
G3BP1,ZMYND11,420,526,1.65751412644441
AKT1,SOX4,203,560,1.65749442009374
DRD4,GPER1,212,127,1.65745499787448
ITK,LYN,257,243,1.65740996077235
ADRA2C,P2RY12,210,123,1.65725623194236
ADRA2A,P2RY12,209,123,1.65725623194236
ADRA2C,HTR1B,210,74,1.65725623194236
ADRA2A,HTR1B,209,74,1.65725623194236
GSPT1,BECN1,588,129,1.65725185948344
PML,MAPK1,206,202,1.65705118374105
NCOA2,MED13,252,528,1.65692231306171
FLT3,SRC,44,228,1.65688377120399
PTK2B,JAK2,250,330,1.65687991285435
NR3C1,RXRB,36,105,1.65676766904542
A2M,RHOC,59,583,1.65674148848982
ESRRG,MED1,97,535,1.65667075273527
DAB2,AP2B1,403,475,1.65665674085891
ABL2,HSPA2,233,291,1.65660658380101
GRIA1,BECN1,152,129,1.6565088560475
CDK2,YES1,261,231,1.65649835275927
ERBB4,U2SURP,347,402,1.65644774053836
DRD3,HTR1A,207,73,1.65636558025072
EGFR,HSP90AA1,25,290,1.65622004566036
DRD3,OPRK1,207,34,1.65606648225617
KDR,PDGFRB,43,45,1.65605948250264
MAPK14,KMT2C,245,435,1.65597154877998
EPHA2,MET,229,329,1.65592494247343
SSRP1,VCAM1,628,162,1.65581498377803
HIF1A,KPNA1,632,476,1.65577603607891
DDX5,PTK6,396,306,1.65573657971454
FYN,KITLG,234,562,1.65569689665082
EGFR,ABL1,25,80,1.65569436664183
FGFR4,PIK3CB,341,304,1.65569150080845
PML,TOP2B,206,99,1.65567431438341
FGFR2,CD44,338,313,1.65565744164072
NCOA2,TBL1XR1,252,477,1.65555825263437
PDIA6,PRKAB1,599,26,1.65552699645633
PSMB2,PSMB8,336,334,1.65535195399461
FGFR3,MAPK11,308,340,1.6552523102077
FGF1,PDPK1,309,263,1.65521682999752
SIN3A,SYT1,456,595,1.65515996748609
DRD4,HTR1A,212,73,1.65501108782614
NCAN,MAPT,316,222,1.65500196838247
MAPT,TLE4,222,501,1.65500196838247
DHFR,E2F1,63,400,1.65498232322975
HMGCR,RXRA,81,118,1.6549645422165
NLK,TCF4,363,614,1.65495293448347
HSP90AB1,IKBKG,301,300,1.65493365909755
PGR,MED1,30,535,1.65488484779038
NCOA2,CEBPA,252,418,1.65488382897351
NR3C1,AR,36,37,1.65488189367473
DRD4,OPRK1,212,34,1.65471017026199
PDGFRA,VEGFA,78,305,1.6546454161823
FLT3,WNK1,44,430,1.65456903121602
APP,KIF3B,491,504,1.65450298846382
HCK,PIK3CB,275,304,1.65447488058918
NR3C1,RAF1,36,41,1.65442061254781
YES1,DDR1,231,79,1.65439403868699
FGFR4,MET,341,329,1.65437176571807
CSNK2B,NRBP1,288,502,1.6543240418889
MSN,SYK,426,258,1.65430974630848
GSR,JUN,12,69,1.65425051563313
ERBB4,ALDOA,347,409,1.65412199551465
SIN3A,HMGCR,456,81,1.65398994306729
MGA,FTL,601,589,1.65398731140685
PHB2,VCAM1,312,162,1.6539214138384
HIPK1,PTK2B,578,250,1.65387218536835
NTRK1,PIM1,76,256,1.653783728
ESR1,MPG,31,58,1.65373289194046
HMGCR,MED1,81,535,1.65371337973127
HSP90AA1,NOS2,290,224,1.6535889770546
FLOT2,YES1,417,231,1.65358023394203
EGFR,AXL,25,356,1.65349499535259
ZDHHC5,MAP4,557,220,1.65344419323352
HTR1D,P2RY12,208,123,1.65331239733735
HDAC8,RANBP2,269,631,1.65330291913288
HCK,MET,275,329,1.65314792678821
HSPA8,MAP2K2,242,343,1.65285364454816
XPOT,ZDHHC5,512,557,1.65284737892241
REEP4,VAPB,561,452,1.65277356290339
E2F1,MGA,400,601,1.65261263278488
PSMB8,COP1,334,605,1.65253725894125
FGFR1,PTK6,47,306,1.6524146070905
U2SURP,YES1,402,231,1.65237285322689
ZDHHC5,PTP4A1,557,469,1.65225439298103
HSD17B1,ALDH1A2,271,110,1.65219586005257
HSD17B1,ALDH5A1,271,20,1.65219586005257
BCL2L2,TCF4,357,614,1.65217686842133
ERBB2,PDGFRA,247,78,1.65217231188348
GPER1,P2RY12,127,123,1.65203460549685
GPER1,HTR1B,127,74,1.65203460549685
G3BP1,RAD21,420,552,1.65199147405675
ESR2,PPIC,39,576,1.65197335211357
DNMT1,LASP1,189,541,1.65190632280753
CSF1R,HSP90AB1,77,301,1.65181448743437
FRS2,FGFR3,425,308,1.65169677689056
FLT3,PIK3R1,44,538,1.65164228012829
ERBB2,SYK,247,258,1.65156352893508
FGFR2,PIK3CB,338,304,1.65150201970219
HMGCR,NCOA1,81,251,1.65139546741121
CSF1R,SRC,77,228,1.65134260099751
MTOR,WIPI2,140,500,1.6510547769611
MET,BTK,329,235,1.65104444836194
MED1,RXRB,535,105,1.65084817125214
ZNF618,HSPA8,436,242,1.65079882455947
DRD2,TF,102,60,1.65075338159183
CCT5,HDAC1,464,205,1.650731282
LYN,MAPK1,243,202,1.65067341082793
ESR1,TOP2B,31,99,1.65063181256147
CHRM3,PIK3CB,298,304,1.65062842533319
HDAC6,XPOT,268,512,1.65059127906813
BRPF3,PPP2R2A,570,587,1.65058189453467
UBR5,ZCCHC3,404,467,1.65056316585372
G3BP1,PFN2,420,582,1.65049066273944
CDK4,MARCKS,348,473,1.65040307162788
PML,MAPK11,206,340,1.65022063245875
ADRA1A,HTR2C,93,213,1.65019093802268
RARA,STAT5B,112,232,1.6501592794138
NR3C1,QKI,36,447,1.65003610998313
ACTB,EZR,286,506,1.64994367435441
SRCAP,AR,610,37,1.64991342729442
H2AX,ARID4B,554,379,1.64982653969403
RAD21,CBR1,552,295,1.64971395243267
ERBB2,TEK,247,307,1.64967275937037
CCT5,PTK6,464,306,1.64963858849848
HSPA2,QKI,291,447,1.64956047357027
HTR1A,P2RY12,73,123,1.64953046337114
EGFR,EIF4G2,25,408,1.64940259261357
ANXA2,OGDH,373,19,1.64931774011439
MAPK14,FGR,245,240,1.64928207705452
OPRK1,P2RY12,34,123,1.64922209186602
HTR1B,OPRK1,74,34,1.64922209185046
SRRM2,JAK3,629,332,1.64919855579178
PARP3,APP,352,491,1.64910365138678
APP,NEK11,491,345,1.64910365127789
POLA2,HSPA2,138,291,1.64907702306267
LARP1,YWHAG,438,454,1.64903945488326
HSPA8,TLN1,242,422,1.64898099155787
GRIA4,ACTB,157,286,1.64893908333869
FGFR3,POLA2,308,138,1.64875380712816
FLT4,IKBKG,42,300,1.64873764451753
PLEC,VCAM1,626,162,1.64870870631481
SH2B3,GRB2,310,565,1.64864216650632
RXRB,NCOA1,105,251,1.6485003079421
GSR,NTRK1,12,76,1.64840770902538
CDK6,MAP2K2,349,343,1.64831148178369
G3BP1,CHORDC1,420,439,1.64826279049267
EIF5,EIF3F,390,289,1.64823038925155
DDX6,MAPT,443,222,1.64807980502095
ERBB4,SRC,347,228,1.64801001914908
DRD2,HTR2A,102,101,1.64778139724127
PDGFRA,STAT5B,78,232,1.64769961106906
ARID1A,MACROH2A1,380,487,1.64742600394285
ADRA2B,DRD2,211,102,1.64741636836942
MAP2,SRC,221,228,1.64739319385414
HSPA8,PUM1,242,539,1.64734257762484
JAK3,PDPK1,332,263,1.64725688232446
AP2B1,VCAM1,475,162,1.64724250906086
CLTC,IKBKB,375,198,1.64713128414226
DNMT3B,SIN3A,249,456,1.64672405694934
UBE2E3,DAZAP2,463,581,1.64668339678323
FLT4,HSP90AB1,42,301,1.64659537421526
AKT1,RARA,203,112,1.64654749651997
HDAC6,SEPTIN7,268,616,1.64647590854923
ACSL4,HNRNPD,520,530,1.64617876365186
SUN1,RAD21,524,552,1.64603025969191
PTK2B,SYK,250,258,1.64602154138541
SLC25A3,TOP1,461,124,1.64597857357071
ERBB2,EZR,247,506,1.6458652727389
PNN,SRSF11,534,494,1.64572437932576
CSNK2B,KMT2B,288,399,1.645667712
PRKCQ,EZR,264,506,1.64549509850032
DYNLL2,STRN3,509,493,1.64546549249525
PADI4,HDAC1,197,205,1.64545712174263
PTK6,TUBA4A,306,62,1.6454150734283
NOS2,PLEC,224,626,1.64536786312155
PPARG,MAP4K4,24,549,1.64530237356418
GRB2,ZAP70,565,265,1.64513826610659
DNAJB6,MBNL1,459,543,1.64508333925945
HTR2A,JAK2,101,330,1.64506708128323
APP,CACNB1,491,145,1.6450329199861
PSMB9,COP1,335,605,1.64493918246785
ADRA2A,DRD2,209,102,1.64489935803204
ADRA2C,DRD2,210,102,1.64489935803204
DNAJB6,MAP2K2,459,343,1.64475979525901
SLC25A3,BAD,461,358,1.64475971240227
HSP90AA1,DDR2,290,339,1.64469347600677
ALDOA,BRAF,409,40,1.6445257327932
PDPK1,RAP1A,263,602,1.64448529218419
CDKN1A,PIM1,204,256,1.64441724462833
MAPK14,PTP4A1,245,469,1.64425304692281
AXL,STK17B,356,283,1.64422132093259
PPARG,TOP2B,24,99,1.64411198194295
ANXA11,KIF23,412,395,1.64391310319841
ERBB2,IRF2BP2,247,492,1.64373491369859
CDH2,MAPK14,621,245,1.64364246528624
ADRA1D,HTR2C,95,213,1.64349847314435
HNRNPA2B1,API5,392,371,1.64332311006603
DRD3,P2RY12,207,123,1.64325497254192
DRD3,HTR1B,207,74,1.64325497254192
MYO10,ACTB,419,286,1.64323686597789
PSMB1,PSMB10,3,337,1.64317349368195
SRSF7,ZCCHC3,584,467,1.64307984894634
TAOK1,RAD21,555,552,1.64306480630917
ETS1,NR3C1,437,36,1.64300228802917
FRS2,LYN,425,243,1.64288456019531
CDK6,HSP90AB1,349,301,1.64278605998388
NCOA2,PSMB9,252,335,1.64262096425296
GSK3B,TXNRD1,260,199,1.64258213672047
G3BP1,FSCN1,420,480,1.64256365350702
HDAC6,MAPK1,268,202,1.64253739787792
SEC61A1,PSMB1,434,3,1.64229032053972
PLEC,TJP1,626,508,1.64213127842973
EBP,P2RY12,96,123,1.64210440335638
CDK4,FGR,348,240,1.6420554772951
PNPLA6,HIF1A,485,632,1.64199220805481
FGFR1,HSP90AA1,47,290,1.64197695326984
DRD4,P2RY12,212,123,1.64181885211243
DRD4,HTR1B,212,74,1.64181885211243
HSPA8,KCNC4,242,388,1.64180273989763
FTL,LIG3,589,14,1.64179228186048
SRSF11,POM121,494,551,1.64173181246542
PIK3CA,SRC,302,228,1.6415687720467
ADRA1B,EIF3F,94,289,1.64152925660385
MSN,MAPK8,426,98,1.64134217514968
HSP90AB1,YES1,301,231,1.64129190122881
PPARD,MED1,23,535,1.64119609721633
CHRM1,EZR,266,506,1.64100086781554
CSNK2B,L1CAM,288,188,1.64095756184129
RARA,ARID1A,112,380,1.64090830989444
PARP1,HDAC9,350,18,1.64083855204799
DRD2,HTR1D,102,208,1.64073053905332
EPHA2,HSP90AA1,229,290,1.64071545152919
MPG,SRSF1,58,563,1.64070742107944
HMGCR,HDAC3,81,267,1.64058700093553
JAK2,SRC,330,228,1.64041115115416
HDAC6,HSPA8,268,242,1.64018240376371
MED1,QKI,535,447,1.64018039091636
PARP1,INO80,350,598,1.64016415404186
EZR,DDR1,506,79,1.64012612311225
CSNK2A1,PDGFRB,287,45,1.64011303847297
PSMB2,COP1,336,605,1.640094819
ATXN10,ZDHHC5,433,557,1.64006637191425
JAK3,SYK,332,258,1.64003688445488
HNRNPD,PCBP1,530,537,1.63995485044908
MYO10,TUBA1A,419,65,1.63994470264274
ETS1,TCF4,437,614,1.63988048549266
DNMT3A,EED,248,510,1.63972074068854
HNRNPU,ZNF622,370,499,1.63969566006453
LCK,STAT5B,230,232,1.63955397764652
BRAF,TYK2,40,333,1.63946592526575
DRD2,GPER1,102,127,1.63937913687285
ATXN10,MAPK6,433,381,1.63935799032637
ARL6IP1,MAPK6,484,381,1.63935799032637
ARID4B,KMT2C,379,435,1.63928612734906
CRBN,SRSF11,53,494,1.63924811783042
MAPT,ACTB,222,286,1.6389166085179
FGFR1,CORO1C,47,533,1.63890946400296
CSNK2A1,HNRNPA2B1,287,392,1.63867886154053
IGF2R,RAB5A,606,446,1.63857833220453
SLC29A2,UBC,181,444,1.63848433688148
HSP90AA1,MAP2K2,290,343,1.63834655167688
ERBB4,HCK,347,275,1.63829851058231
PSME3,MGA,515,601,1.63823412810688
ERBB4,PIK3R1,347,538,1.63819103925544
CHRM3,HTR2C,298,213,1.63815029695612
JAK3,UBR5,332,404,1.6380924795982
DNAJB11,TUBG1,575,67,1.63798394033566
MAPK3,MAP2K4,201,566,1.63792898114126
AKT1,PDE3A,203,431,1.63792510480099
G3BP1,ITK,420,257,1.63783486966588
ATXN10,CCND1,433,200,1.63781694945136
TOP2B,BECN1,99,129,1.63778715286494
GRB2,IMPDH2,565,131,1.63777245260372
CDK6,EPHA2,349,229,1.63775913635292
EGFR,C6orf120,25,568,1.6377150302653
PPARA,BCL2,22,219,1.63769896646522
HSP90AA1,TUBG1,290,67,1.63753205596493
ERBB2,ZNF622,247,499,1.63723482281422
RAP1A,SYK,602,258,1.63717481056323
NTRK1,PPAT,76,246,1.6371652437771
DCK,NTRK1,195,76,1.63716524369969
LTA4H,NTRK1,272,76,1.63716524369969
AP2B1,EPHA2,475,229,1.63711543524795
PCBP1,AXL,537,356,1.63699958200493
HDAC1,TOP2A,205,52,1.6368346691452
TUBB,ESRRB,29,253,1.63676841674662
DRD2,HTR1A,102,73,1.63672971875909
E2F1,AHR,400,285,1.63670204668187
CHRM1,PIK3CG,266,262,1.63668985063134
GRB2,RBP4,565,116,1.63659816561627
H2AX,TAGLN2,554,369,1.63651421674757
MAPK1,ADAM15,202,368,1.63646292142045
MTPN,MAPK1,455,202,1.63646292132759
HDAC1,CCND1,205,200,1.63644466331193
ESRRA,HIF1A,254,632,1.63642769513947
DRD2,OPRK1,102,34,1.63640336396567
HTR2A,EIF3F,101,289,1.63640130476508
FLT1,FYN,49,234,1.63629547149876
MTOR,IKBKB,140,198,1.63613293621064
PTGS2,SLC2A3,56,503,1.63612484242496
MAPK1,LZTS2,202,630,1.63609635008858
PPARG,MAPK1,24,202,1.6360963499493
MAP2K4,UBC,566,444,1.63608650250134
CDK6,FGFR4,349,341,1.63607509641537
HTR1B,P2RY12,74,123,1.63600367532782
SMARCD1,NOLC1,625,193,1.63597184583381
LASP1,YES1,541,231,1.6358841651432
G3BP1,MAP4,420,220,1.63587442589231
CDKN1A,NRBP1,204,502,1.63585919372514
DDX6,VCAM1,443,162,1.63585168142456
GRB2,KDR,565,43,1.63560876047128
FRS2,PIK3CA,425,302,1.63560745988774
PARP2,HSPA2,351,291,1.63559189485388
PARP1,PGR,350,30,1.63556604092886
HNRNPA2B1,STAT5B,392,232,1.6354889801751
HCK,HSP90AA1,275,290,1.63541969948486
HDAC6,POLA2,268,138,1.63508029292496
NTRK1,DDR2,76,339,1.63506128986228
BIRC5,PAFAH1B1,274,382,1.63493801772603
HNRNPA2B1,HNRNPU,392,370,1.63489135704921
CCT5,ACTB,464,286,1.63474114759279
TEK,IKBKG,307,300,1.6347077552418
HDAC8,RAD21,269,552,1.63466668000853
HSP90AB1,NR1I2,301,6,1.63465546250226
CSNK2B,TOP2B,288,99,1.63459336367405
ALK,VIM,328,413,1.63438247745839
G6PD,GSK3B,377,260,1.63436763043459
ETS1,NCOA1,437,251,1.63420414008053
MGA,CCND1,601,200,1.63420053817021
ERBB4,CD44,347,313,1.63416363178962
KITLG,SRC,562,228,1.63414631178338
HTR7,PIK3CG,216,262,1.63403813991895
HRH1,PIK3CG,103,262,1.63403813991895
MBNL1,MACROH2A1,543,487,1.63397253783505
LYN,STAT5B,243,232,1.6339677053525
G3BP1,SUN1,420,524,1.63395086883015
TOP1,SRSF11,124,494,1.6339386547949
DNMT3A,H2AX,248,554,1.63362409229049
RAD21,API5,552,371,1.63359765240252
RARA,TBL1XR1,112,477,1.63356114032101
PDGFRB,PIK3CB,45,304,1.63341260799361
G3BP1,MAP4K4,420,549,1.63331757213313
MINK1,KIF23,397,395,1.63316576569957
CCT5,MOB4,464,383,1.63315998868526
JAK1,BTK,331,235,1.63312786722179
KDR,RAB5A,43,446,1.63309969635929
CSF1R,CSNK2A1,77,287,1.63307658917167
JAK1,PIK3R1,331,538,1.6330377232024
GIPC1,LZTS2,612,630,1.63293261230864
MSN,PPARG,426,24,1.63293261230864
NRBP1,WNK1,502,430,1.63284828090192
CSK,JUN,237,69,1.63264330429655
PTK2B,LYN,250,243,1.63255458613516
RUVBL2,MAP4K4,292,549,1.63252936262727
SIK1,LCK,344,230,1.63244438212558
DNAJB11,TUBA4A,575,62,1.63244201273665
SUB1,ABL1,386,80,1.63243695266078
PARP1,TOP2B,350,99,1.63240395702784
DAB2,MAPK8,403,98,1.63208777849389
JUN,PML,69,206,1.63203342082045
JAK3,LCK,332,230,1.63197704806466
MAPK8,SRC,98,228,1.63180507820536
ETS1,MAPK3,437,201,1.63176302218029
MAP2K1,YWHAG,342,454,1.63175563400153
ABL1,ADAM15,80,368,1.63167779076885
H2AX,INO80,554,598,1.6315082773287
U2SURP,SRSF7,402,584,1.63148557054897
STAU1,MACROH2A1,471,487,1.63147028734101
FYN,PIK3CD,234,303,1.6313845204461
HSP90AA1,BTK,290,235,1.63138329871544
ESR2,LZTS3,39,609,1.63134188848193
HSP90AA1,LYN,290,243,1.63132455670387
YES1,OGT,231,627,1.63126396097133
ADRA1B,PIK3CG,94,262,1.63102802973789
VIM,BECN1,413,129,1.63102081938869
FGFR4,PDPK1,341,263,1.63099774295819
CSNK2A1,MARCKS,287,473,1.63094332511924
EGFR,GSTP1,25,354,1.63094254696425
TUBB,MAP4K4,29,549,1.63086012334003
MAPT,TUBA1A,222,65,1.63083771789189
G3BP1,EIF4G2,420,408,1.63082219368936
CTNND1,YES1,415,231,1.63062033725283
TUBG1,TUBA1A,67,65,1.63062028098209
MAPK3,C1QBP,201,318,1.63060290888773
PSME3,SEC61A1,515,434,1.63055062043247
CDK6,CD44,349,313,1.63054717078293
CEBPA,E2F1,418,400,1.63053653736095
PIK3R1,YES1,538,231,1.63030935987891
APP,ZFAND5,491,617,1.63024299031226
SOGA1,KIF23,458,395,1.63014996174358
MAPK14,GSTP1,245,354,1.63000475741429
HSP90AA1,NR3C2,290,32,1.62988087310557
PSMB5,COP1,2,605,1.62978945972016
FGF1,MAPK3,309,201,1.62978642246371
LYN,DDR1,243,79,1.62978438980938
EIF5,ZDHHC5,390,557,1.62967946460896
DAB2,ZDHHC5,403,557,1.62967946460896
AHR,SF3B3,285,293,1.62945853590334
GRB2,PDGFRA,565,78,1.62944677881464
ABL1,KMT2B,80,399,1.6294326538341
TOP2A,YY1,52,514,1.62933790748848
MAPK14,LYN,245,243,1.62933136386911
L1CAM,MAPK1,188,202,1.62930931730034
VCAN,CYP1B1,317,255,1.62928232339542
RAF1,SRC,41,228,1.62910809939448
PDPK1,TLN1,263,422,1.62896802656079
PDPK1,STK17B,263,283,1.62875238936769
HNRNPU,MARCKS,370,473,1.62874237320891
HSPA2,NOS2,291,224,1.62867977373509
EBP,APP,96,491,1.62860989193208
HTR2B,PIK3CG,104,262,1.6285148167817
DAB2,ANXA1,403,190,1.62834850344323
KITLG,PIK3R1,562,538,1.62834304237313
EGFR,PDGFRB,25,45,1.62812501116954
FRS2,BECN1,425,129,1.62793216109224
DDX5,TYK2,396,333,1.62789296946914
ACTB,KIF3B,286,504,1.62785809220518
FGFR1,RAP1A,47,602,1.6278479332171
TUBG1,TUBB1,67,218,1.62759015481842
FGF1,PIK3CA,309,302,1.62738014461495
UBE2E3,UBR5,463,404,1.62737475473395
ARL2,VCAM1,496,162,1.62735455881734
GADD45A,MTOR,482,140,1.62734887395143
PSMB10,CCND1,337,200,1.62732466198187
RAD23B,UBA1,525,294,1.62720595808539
HSP90AB1,MINK1,301,397,1.62705735482863
CEBPA,RANBP2,418,631,1.62702260477074
RNF145,UBC,608,444,1.62701720245962
CHRM1,ANXA1,266,190,1.62693750990013
DDX5,GSK3B,396,260,1.6268822011075
FGR,AR,240,37,1.62685358060648
SIN3A,BRPF3,456,570,1.6267973987597
CDK2,BRAF,261,40,1.6267016626122
MAPK6,DDR1,381,79,1.62660253763238
JAK1,PIK3CB,331,304,1.62658176283772
CCT5,TUBB1,464,218,1.6264683496161
CDKN1A,KMT2B,204,399,1.62645223104455
FLOT2,ZDHHC5,417,557,1.62643441212791
PARP1,DNMT3B,350,249,1.62635196420634
SYK,VCAM1,258,162,1.62632825202324
FGFR2,PDPK1,338,263,1.62632047856751
CDK2,SCN5A,261,4,1.62632043645286
CDH5,EGFR,55,25,1.6263203821524
EGFR,NQO2,25,284,1.62620820312283
PIK3R1,TEK,538,307,1.6260528536823
EZR,NOLC1,506,193,1.62591681101732
EBP,VAPB,96,452,1.62591350027941
PGR,MAPK1,30,202,1.62590652386138
GADD45A,HNRNPD,482,530,1.62590651121523
MAPK14,ETS1,245,437,1.62582953729309
PARP1,POLA1,350,194,1.62576517114718
DDX6,PUM1,443,539,1.62569023326985
HTR2A,PIK3CG,101,262,1.62565554166587
FGFR3,PPARA,308,22,1.62560198671284
CSNK2A1,KMT2B,287,399,1.62553753803214
HMMR,ACTB,315,286,1.62550138789347
SUN1,H2AX,524,554,1.62540354196454
EPHA2,PDGFRA,229,78,1.62539685550396
FGFR1,RCN2,47,440,1.62535734975584
PDPK1,CD44,263,313,1.62534417243749
SRSF1,ZCCHC3,563,467,1.62528067167004
TUBB,PTK6,29,306,1.62526589536129
ADRA2B,PIK3CG,211,262,1.62525317921827
MAPK1,PTP4A1,202,469,1.62523865800866
FYN,KMT2B,234,399,1.6251738099594
PSME3,LIG3,515,14,1.62513568445458
FLOT2,ANXA1,417,190,1.62508444045562
JAK2,PIK3CB,330,304,1.62499633981578
CDK2,BZW1,261,365,1.62496666790347
HTR7,TUBA4A,216,62,1.62492049495471
RARA,SRC,112,228,1.62488407674981
FLT3,HSP90AA1,44,290,1.62482855914658
EIF3F,EIF5B,289,523,1.624767789
ACTB,TAGLN2,286,369,1.62472707139694
PCBP1,API5,537,371,1.62470881595607
LCK,MAPT,230,222,1.62447569084483
CLTC,HSPA8,375,242,1.62440425467766
CDK6,MET,349,329,1.62439371722495
DDX5,MAPKAPK2,396,259,1.62435868026064
STAU1,ZNF207,471,571,1.62430439283644
ANXA1,HRH1,190,103,1.62416961083623
PDPK1,PNN,263,534,1.6240559031689
KIT,PDGFRA,46,78,1.62397220402277
HMMR,BIRC5,315,274,1.62386249316492
HIBCH,GRB2,281,565,1.62380319541225
HDAC2,IRF2BP2,21,492,1.62372029692994
CDK2,PGD,261,139,1.62362949639296
KIT,SYK,46,258,1.62358789745108
BASP1,MAPT,488,222,1.62349869803192
MET,YES1,329,231,1.62348466020511
HDAC6,ACTB,268,286,1.6233151021083
JAK3,TUBA4A,332,62,1.62311930022593
ADRA1A,PIK3CG,93,262,1.62247734030002
ADRA2A,PIK3CG,209,262,1.62247734030002
ADRA2C,PIK3CG,210,262,1.62247734030002
ALDOA,ZDHHC5,409,557,1.62240019168184
DRD2,HTR1B,102,74,1.62239476398613
DRD2,P2RY12,102,123,1.62239476398613
CSNK2A1,ERBB4,287,347,1.62215560707584
PIK3CA,DDR1,302,79,1.62207013161762
CEBPA,NR3C1,418,36,1.62204404323345
G3BP1,CPEB4,420,623,1.62195226522349
HMMR,TUBA1A,315,65,1.62194115840411
HCK,SYK,275,258,1.6218297605478
HDAC2,RARA,21,112,1.62176492366224
GPD1,HSP90AA1,28,290,1.62176171854166
GPD1,HSP90AB1,28,301,1.62176171854166
CDK6,SRSF11,349,494,1.62173441807307
AHR,MED1,285,535,1.62172042784914
PSMB1,VCAM1,3,162,1.62170419628164
SRSF1,CACNA1A,563,88,1.62162128632151
EPHA2,EZR,229,506,1.62145139763904
SLC29A1,SRC,163,228,1.62140377342759
GART,GSK3B,83,260,1.62138785168981
GSK3B,NRBP1,260,502,1.62138785165904
EIF4G1,PATL1,618,624,1.62127492859709
ARID1A,NCOA1,380,251,1.62121548522951
ESR2,PNISR,39,567,1.6211775298447
SYK,TLN1,258,422,1.62113423978178
G6PD,STAU1,377,471,1.62112427127645
ADRA1B,ANXA1,94,190,1.62102629839364
CCT5,TYK2,464,333,1.62098690395105
LCK,NOLC1,230,193,1.62096211965247
HSP90AB1,PIM1,301,256,1.62094680908017
STXBP1,TUBA4A,544,62,1.62090838321037
EGFR,DNAJB11,25,575,1.62088719601559
CLTC,PTK2B,375,250,1.62077044570313
AKT1,PIK3CD,203,303,1.62071332444913
ICAM1,EIF3F,314,289,1.62071034631768
EGFR,TUBA1A,25,65,1.62063048304517
PDPK1,PIK3CB,263,304,1.62058897028351
MAP3K2,GSK3B,516,260,1.62051739109147
CSNK2A1,L1CAM,287,188,1.62038801370881
LASP1,EZR,541,506,1.62036265669905
HRH1,PIK3CA,103,302,1.62020094786448
CCT5,NOS2,464,224,1.62016720028658
ESR1,DNAJB11,31,575,1.61998471414206
ATP2C1,IREB2,225,613,1.61987453125589
ALDH1A1,HSD17B1,108,271,1.6198600078109
UBR5,EIF5B,404,523,1.61972363587097
CDK2,TYMS,261,15,1.61971241003431
MBNL1,RAB5A,543,446,1.61962336185602
CDH2,ABL1,621,80,1.61953231838554
FGR,ACTB,240,286,1.61945405213237
ALK,ACTB,328,286,1.61945405213237
MAPK6,TF,381,60,1.61944847236987
UBR5,SLC25A3,404,461,1.61937214142776
HTR2A,LYN,101,243,1.61936603521517
LYN,TYK2,243,333,1.61936603516905
HSPA2,MAP2K2,291,343,1.6192616344216
AR,HDAC3,37,267,1.61926016377953
XPOT,TUBE1,512,68,1.61918808040077
CEBPB,MAPK3,296,201,1.61907457267102
RXRA,MED13,118,528,1.61902507449469
PARP1,POLA2,350,138,1.61895770482914
HDAC6,ERBB2,268,247,1.6188175082748
PPP2R2A,COP1,587,605,1.61879556287999
U2SURP,PPARG,402,24,1.61858691708528
HABP4,SRSF1,326,563,1.61857783247547
AKT1,MAPT,203,222,1.61855366655246
SRRM2,SRSF11,629,494,1.61854824125614
API5,EED,371,510,1.61846015487259
CSF1R,HSP90AA1,77,290,1.61843561730828
GADD45A,VIM,482,413,1.61840723673376
ANXA1,HTR2B,190,104,1.61840080382451
MARCKS,MAPT,473,222,1.61836267045145
JAK3,PIK3CA,332,302,1.61836240417938
HDAC1,TLE4,205,501,1.61833414488514
ESR1,CORO1C,31,533,1.61819391720441
H2AX,HNRNPD,554,530,1.61817806496001
L1CAM,ACTB,188,286,1.6179920388729
JUN,TOP2A,69,52,1.61798788924419
DDX5,MBNL1,396,543,1.61797746908251
GART,KIF23,83,395,1.61797720144644
GSK3B,RRM1,260,50,1.61794575699585
HTR1D,PIK3CG,208,262,1.61787444358653
ABCC5,ESR1,353,31,1.61780027216966
FTL,TOP2A,589,52,1.61779946258314
PDGFRA,CD44,78,313,1.61777883026844
BRPF3,LZTS2,570,630,1.61766307434437
A2M,ANXA2,59,373,1.61760714556834
RXRA,TBL1XR1,118,477,1.61741265493194
JAK1,TOP1,331,124,1.61730887250042
FYN,SPTBN2,234,495,1.61717221654481
DNMT3B,H2AX,249,554,1.61714739137737
DNAJB6,RANBP2,459,631,1.61706883828432
NME4,PSMB1,362,3,1.61705813008281
ADRA1B,PIK3CA,94,302,1.61700281700319
CSNK2B,CACNA1A,288,88,1.61700227908706
HSP90AA1,MET,290,329,1.61695670091744
ABL1,JUN,80,69,1.61693528757443
ERBB2,ALK,247,328,1.61685645963577
HIPK1,FLT3,578,44,1.61682533803096
CCT5,MAPT,464,222,1.61680992462506
HSPA2,TLN1,291,422,1.6167613855054
LIG3,PPARG,14,24,1.61674666721846
CEBPA,RXRA,418,118,1.61661492928069
ESR2,PPAT,39,246,1.61642608668904
DAB2,BECN1,403,129,1.61638796599468
GPER1,PIK3CG,127,262,1.61638088093803
MYO10,PIK3R1,419,538,1.61629912079532
SIN3A,TBL1XR1,456,477,1.61626283054002
TUBA4A,TYK2,62,333,1.616192421
ERBB2,ESRRB,247,253,1.61611481541627
MED1,TBL1XR1,535,477,1.61593641791124
DDX5,VCAM1,396,162,1.61588205387832
SIN3A,PPARA,456,22,1.61586128595193
INO80,TUBA1A,598,65,1.61579868311979
AKT1,EMSY,203,394,1.61579710793161
EGFR,ANXA1,25,190,1.61572172513889
MAPK8,MAPKAPK2,98,259,1.61569768085523
ATXN10,VIM,433,413,1.61547171338602
ANXA1,HTR2A,190,101,1.61541260353306
ERBB2,L1CAM,247,188,1.61537792664798
CEBPA,MAPK8,418,98,1.61529725058797
ESR1,PNISR,31,567,1.6152838516339
KIT,PIK3CG,46,262,1.6152733428391
ESRRB,HIF1A,253,632,1.61522983205462
KPNA1,POM121,476,551,1.61519571484228
CRBN,BRAF,53,40,1.61518280558294
CEBPA,MED1,418,535,1.6151335961206
MGA,EED,601,510,1.61510226572355
GART,VCAM1,83,162,1.61502932180544
HDAC6,PDIA6,268,599,1.61502610072055
STAU1,ZNF622,471,499,1.61502224532472
ADRA2B,ANXA1,211,190,1.6149919974016
ESR2,SRRM2,39,629,1.61491989893846
ADRA1D,PIK3CG,95,262,1.61490651540549
SF3B3,HCK,293,275,1.61489617521822
NCOA1,MED13,251,528,1.61484037463542
CTNND1,EZR,415,506,1.61472674560299
IKBKB,MAP2K1,198,342,1.6146936778828
ERBB2,CBR1,247,295,1.61464571312149
NR3C1,STRN3,36,493,1.61453489660048
GADD45A,MAPK1,482,202,1.61445933903855
SEC61A1,UBC,434,444,1.61444351811777
ZDHHC5,OGDH,557,19,1.61433421464523
HTR2B,PIK3CA,104,302,1.61433109727111
SRSF1,C1QBP,563,318,1.61428868835345
DNAJB6,MAP2K1,459,342,1.61423254245686
CDK2,PHB2,261,312,1.61423205134437
ESR2,GPRC5A,39,109,1.61412251737346
AR,PTK6,37,306,1.61408236164111
GART,IKBKG,83,300,1.61394305643218
MAPT,MAPK8,222,98,1.61392212361104
EGFR,MOB4,25,383,1.61382100447473
NR3C1,EIF5B,36,523,1.61381038716673
TOP1,MACROH2A1,124,487,1.61357023189431
HTR1A,PIK3CG,73,262,1.61345069991987
ABL2,AR,233,37,1.61344838223729
TBL1XR1,NCOA1,477,251,1.61319853519918
OPRK1,PIK3CG,34,262,1.61308957194414
MAP3K2,IKBKG,516,300,1.61304415139495
ESRRG,HIF1A,97,632,1.61302470056393
GPI,GSK3B,591,260,1.61296992237674
PDGFRA,PIK3CB,78,304,1.6128639668016
CHRM3,RGL1,298,407,1.61285991184921
MAPK14,IMPDH2,245,131,1.61280100143134
LASP1,TCF4,541,614,1.61248287095076
PIK3CB,SYK,304,258,1.61246077240246
RANBP2,TOP2A,631,52,1.6124461492572
HNRNPU,MAP4K4,370,549,1.61241713373088
CEBPA,NCOA1,418,251,1.6123861972742
FLT4,HSP90AA1,42,290,1.61238422624519
ZDHHC5,TJP1,557,508,1.61230256749492
G3BP1,TNPO1,420,387,1.61216515474717
ADRA2A,ANXA1,209,190,1.61208961774889
ADRA1A,ANXA1,93,190,1.61208961774889
ADRA2C,ANXA1,210,190,1.61208961774889
MAPK1,MAP2K4,202,566,1.61206440066452
FGFR3,HSP90AB1,308,301,1.6119250178411
ZNF618,ESR2,436,39,1.61186369885923
ESR2,MTSS2,39,574,1.61186369867533
MAPT,FSCN1,222,480,1.61185669130156
ERBB2,PGR,247,30,1.61176206561591
HDAC6,OGDH,268,19,1.61166129559752
SH2B3,PDGFRB,310,45,1.61157094508455
EGFR,JAK1,25,331,1.61143448233956
SPTBN2,TUBA1A,495,65,1.6113984288255
MAPK3,RET,201,48,1.61135080055182
HTR2A,PIK3CA,101,302,1.61128980103703
H2AX,MSN,554,426,1.61118089855922
ABL1,MAPK11,80,340,1.61106037090396
EGFR,GABRA3,25,151,1.61094585504844
CDH5,VIM,55,413,1.61092448198348
MET,SYK,329,258,1.6108647989029
XPOT,HIF1A,512,632,1.61086035665912
HNRNPA2B1,MBNL1,392,543,1.61076432365175
PDGFRB,YES1,45,231,1.61072282246084
MAP3K2,HSP90AB1,516,301,1.61053854834854
PSME3,GSK3B,515,260,1.61052161543313
AP2B1,A2M,475,59,1.6104269278036
CDH2,ERBB2,621,247,1.61034634045432
HMMR,KIF23,315,395,1.61025953005559
CSNK2A1,HDAC3,287,267,1.61013053882797
JUN,RARB,69,113,1.60993100162263
GSTP1,MAPK1,354,202,1.60971723437771
CDK2,LCK,261,230,1.60970213769935
PDPK1,BAD,263,358,1.60964808876188
IKBKB,MAP2K2,198,343,1.60964305507333
EIF4G1,VCAM1,618,162,1.60956367175481
CTNND1,LCK,415,230,1.60952426914028
ACSL4,KIF23,520,395,1.60943252052579
CSNK2A1,EPHA5,287,238,1.6094246258689
U2SURP,PCBP1,402,537,1.60923789746745
SRRM2,SF1,629,507,1.60917176094967
CHRM3,PIK3CG,298,262,1.60884020676924
FLT3,GRB2,44,565,1.60876766968901
EGFR,GPRC5A,25,109,1.60858722747783
RANBP2,POM121,631,551,1.60850743881483
PPARG,MED13,24,528,1.60838346262127
HSPA8,ZNF217,242,401,1.60823414735014
PIK3CB,RAB5A,304,446,1.60792018551297
ADRA1A,PIK3CA,93,302,1.60790716508021
BAD,BRAF,358,40,1.60785000506861
DDX6,LARP1,443,438,1.60775446185914
FYN,ABL2,234,233,1.6077356133857
FGFR3,PIK3CB,308,304,1.60753338226578
TCF4,OGT,614,627,1.60736429052544
GSPT1,STAU1,588,471,1.6073554350514
GART,STAU1,83,471,1.6073554350514
DNAJB11,CALU,575,450,1.60728740090204
ANXA1,HTR1D,190,208,1.60727427192215
GRB2,SLC25A3,565,461,1.60718638700489
DHFR,IMPDH2,63,131,1.60710209976663
ANXA2,MACROH2A1,373,487,1.60697498062745
CHRNA4,CSNK2B,126,288,1.60695642309908
G3BP1,TOP2A,420,52,1.60690367980997
PATL1,LZTS2,624,630,1.60669544894609
SRC,CPEB4,228,623,1.60663460011023
ERBB4,YES1,347,231,1.60650204105179
ERBB4,JAK2,347,330,1.60650204105179
ZDHHC5,LASP1,557,541,1.60640877820883
JUN,CRBN,69,53,1.60630100042406
SIN3A,MORF4L2,456,474,1.60624543992049
CDK4,JAK3,348,332,1.60621295412884
CSNK2A1,CALU,287,450,1.60620263389536
DRD3,PIK3CG,207,262,1.60608894513898
MTPN,IKBKG,455,300,1.60608848141881
CSNK2B,LIG3,288,14,1.60599690317603
MAPK6,RAD23B,381,525,1.60597428429045
IMPDH2,PCBP1,131,537,1.6059047752883
CEBPA,PPARG,418,24,1.60586017429328
GPER1,ANXA1,127,190,1.60571107086665
APP,MCFD2,491,548,1.6056350491502
CCT5,OGT,464,627,1.60560760929271
DNAJB6,BRAF,459,40,1.60559551897639
IMPDH2,OGDH,131,19,1.60555129394581
COL5A1,KIF23,577,395,1.6053806733439
VCAN,PGD,317,139,1.60525213216595
ESR1,U2SURP,31,402,1.60514278261051
PNN,SRSF7,534,584,1.60508506124973
RANBP2,SRSF11,631,494,1.60500707705867
EGFR,HSPA8,25,242,1.6049505150803
HABP4,VIM,326,413,1.60494329084789
RAB10,APP,522,491,1.60478159829778
HNRNPD,HSPA8,530,242,1.60468616844866
RAF1,QKI,41,447,1.60459214424917
PSMB8,CCND1,334,200,1.60458212050584
GSPT1,PIK3R1,588,538,1.60445852604648
DRD4,PIK3CG,212,262,1.60440048733497
HNRNPU,STAU1,370,471,1.60430271073404
PSMB1,COP1,3,605,1.60427059288416
HNRNPA2B1,ICAM1,392,314,1.60417364139073
ADRA1D,ANXA1,95,190,1.60416762402213
HNRNPD,C1QBP,530,318,1.60411275410088
SCN3A,SPTBN2,8,495,1.60410157420464
MAPT,MAPK3,222,201,1.60405697449372
FLOT2,EED,417,510,1.60405304373206
TUBB,ZAP70,29,265,1.60380467619229
ADRB3,SRC,72,228,1.60378362360683
PAFAH1B1,RANBP2,382,631,1.60375869419641
MTOR,RAP1A,140,602,1.603697376
CDKN1A,CSNK2B,204,288,1.60364550982176
TCF4,TOP2A,614,52,1.60348953685463
CLTC,ADRA1A,375,93,1.60342405078845
ZDHHC5,TLN1,557,422,1.60337903237522
LCK,PIK3CB,230,304,1.60335776637838
FGFR2,LYN,338,243,1.60315143621017
CCT5,VCAM1,464,162,1.6030866867523
HNRNPA2B1,VCAM1,392,162,1.6030866867523
FGF1,MAPK1,309,202,1.6029384782059
SLC25A3,MAPK6,461,381,1.60292448562698
GSK3B,MAP4,260,220,1.60285756522465
MAP2,NTRK1,221,76,1.60282246902423
TUBB,HTR7,29,216,1.60280210287231
ANXA1,HTR1A,190,73,1.60264326713471
HIF1A,PTK6,632,306,1.60257355148866
GSK3B,CCND1,260,200,1.60257061151751
PARP1,TUBB1,350,218,1.60255599430647
ADRA1D,MAPK3,95,201,1.60254737473132
FGFR4,MAPK3,341,201,1.60254737473132
FGFR1,HSP90AB1,47,301,1.60252799379496
HSPA2,COP1,291,605,1.60247336548782
DDX5,CRBN,396,53,1.60229065165823
ANXA1,OPRK1,190,34,1.60226508644688
KPNA1,SF1,476,507,1.60213767934548
NCOA2,UBR5,252,404,1.60211450126577
HDAC3,MED13,267,528,1.60211382601268
HNRNPD,RAP1A,530,602,1.60210011742913
FGFR1,PIK3CB,47,304,1.60205832597393
DNAJB6,UBA1,459,294,1.60204344414568
AR,EED,37,510,1.60203644417069
BIRC5,RANBP2,274,631,1.60190943298661
CDK2,LIG1,261,13,1.60190001483196
LCK,MET,230,329,1.60169843008358
AP2B1,VAPB,475,452,1.60167287512903
FGFR1,SRC,47,228,1.60151584810415
JAK2,YES1,330,231,1.60142384716009
MAPK3,VDR,201,0,1.60139443793786
NTRK1,SV2A,76,217,1.60126723474378
EGFR,ALDOA,25,409,1.60106240034898
HDAC2,HMMR,21,315,1.6009782942909
BTK,TUBA4A,235,62,1.60085236551744
ERBB2,BIRC5,247,274,1.60072922753311
SF3B3,SRSF11,293,494,1.60068303045118
NTRK1,PIK3CB,76,304,1.60060130499147
LIG3,EED,14,510,1.60058245138982
SRSF7,POM121,584,551,1.60031490903741
UBR5,TOP1,404,124,1.60030725556884
SRRM2,PLEC,629,626,1.60022351999285
PPARA,HDAC3,22,267,1.59995034444777
HNRNPU,PCBP1,370,537,1.59993740388997
FGFR4,PIK3CA,341,302,1.59984039306304
ADRA1D,PIK3CA,95,302,1.59984039306304
TUBA1A,CALU,65,450,1.59974274252011
NCOA2,HSPA2,252,291,1.59968391178084
CEBPA,HDAC3,418,267,1.59952207329775
ALK,IKBKG,328,300,1.59950862661675
NOS2,PCBP1,224,537,1.59949835185817
ANXA2,UBC,373,444,1.59942436953509
PHB2,HDAC1,312,205,1.59942104811731
LASP1,LZTS2,541,630,1.59937403946333
HIF1A,HDAC3,632,267,1.5993450514701
ZDHHC5,CD44,557,313,1.59933036919829
ESR1,IMPDH2,31,131,1.59926186702958
LIMK1,KIF23,346,395,1.59916331597142
PSME3,VCAM1,515,162,1.59885190668119
BECN1,MAPKAPK2,129,259,1.59880780900399
HSP90AB1,TUBG1,301,67,1.59873183729723
HNRNPU,API5,370,371,1.59870958969486
CHRM3,TUBA4A,298,62,1.59865399389073
ARID1A,EED,380,510,1.59864151212448
RUVBL2,PSMB9,292,335,1.59860650356509
CCND1,OGT,200,627,1.59849093776996
HSP90AA1,NR1I2,290,6,1.59847605043053
EIF4G2,MAPT,408,222,1.5983972249643
MAPT,SEPTIN7,222,616,1.59839722488048
ANXA11,JUN,412,69,1.59835215644336
JAK1,PDPK1,331,263,1.59833379923184
NTRK1,BZW1,76,365,1.59821329898494
PSME3,CAPZB,515,592,1.59819056820672
CDK4,TOP1,348,124,1.59799369892182
CHRM3,ANXA1,298,190,1.59781354840266
MAPK14,EPHA2,245,229,1.59781071616806
ERBB2,HACD3,247,374,1.59766065579763
EIF4G2,ZFAND5,408,617,1.59757688387024
ESR2,MED13,39,528,1.59756838905606
PIK3CG,P2RY12,262,123,1.59754919849875
HTR1B,PIK3CG,74,262,1.59754919841496
PSMB9,NCOA1,335,251,1.59754905638186
PPARG,VDR,24,0,1.59741391757775
RAB10,ACTB,522,286,1.59738006967281
FGFR2,MAPK3,338,201,1.59725503017943
CTNND1,MAPK3,415,201,1.59725503017943
CLTC,EPHA2,375,229,1.59720670380068
ITK,IKBKG,257,300,1.59712737737845
ALK,HSP90AB1,328,301,1.59685375499217
LYN,PIK3CB,243,304,1.59681362017818
A2M,SYK,59,258,1.59680693065967
PARP1,HDAC1,350,205,1.59677354387726
SRSF7,SRSF11,584,494,1.59668985948207
PHB2,KPNA1,312,476,1.59663186160181
AKT1,PTK6,203,306,1.59657718781161
JAK2,PDPK1,330,263,1.59654366240788
CDK2,ZMYND11,261,526,1.5964972415169
PIK3R1,ADAM15,538,368,1.59627496222249
ALK,SRC,328,228,1.59625458676451
LZTS2,MORF4L2,630,474,1.5962520902983
PPARG,TLN1,24,422,1.5962520902983
MAP4K4,KIF23,549,395,1.5961658956256
DDX5,TOP1,396,124,1.59605128546967
ESR2,OGDH,39,19,1.5960427226544
CLTC,LASP1,375,541,1.59599890545798
PRKAB1,EZR,26,506,1.5959872919757
MAP4,VCAM1,220,162,1.5959676601262
MAPK14,FGFR4,245,341,1.59580906473443
CLTC,KIT,375,46,1.59559880407811
HNRNPD,ACTB,530,286,1.59552698839621
RAF1,WNK1,41,430,1.59549818518743
SPINDOC,GRB2,619,565,1.59541254209503
FLT4,GRB2,42,565,1.59541254209503
HNRNPD,RET,530,48,1.59525252426632
PSMB9,CCND1,335,200,1.59518907968291
RUVBL2,TYK2,292,333,1.59515173953784
ERBB2,MSN,247,426,1.59514583286504
LYN,MET,243,329,1.59510761591372
SF3B3,TOP1,293,124,1.59505842138749
STAU1,TUBA1A,471,65,1.59503815595346
CSNK2B,MAPKAPK2,288,259,1.59502549428268
DRD3,ANXA1,207,190,1.59492990331322
AP2B1,BRAF,475,40,1.59489873315845
SPTBN2,IKBKG,495,300,1.59478947
CCN1,JUN,620,69,1.59472782104969
TOP2B,KIF23,99,395,1.59469294427015
L1CAM,SRC,188,228,1.59464010959537
HNRNPA2B1,CRBN,392,53,1.59457089493557
CCT5,CRBN,464,53,1.59457089493557
FGFR2,PIK3CA,338,302,1.59448655695453
RUVBL2,NOS2,292,224,1.59423637812294
CSNK2B,TJP1,288,508,1.59415243841775
PSME3,PSMB2,515,336,1.59405621714839
SYT1,IKBKG,595,300,1.59401943021664
DHFR,TUBA1A,63,65,1.5939854606872
PPARD,TUBA1A,23,65,1.5939854606872
HNRNPA2B1,SRSF11,392,494,1.59391175923577
PAFAH1B1,TUBG1,382,67,1.59389947958119
NR3C1,TOP1,36,124,1.59387690823349
SEC61A1,RAF1,434,41,1.59386282186527
SRSF7,STAU1,584,471,1.59384363723789
HSP90AA1,PDGFRB,290,45,1.59373575104266
HSP90AB1,LYN,301,243,1.5934394575087
HSPA2,SF1,291,507,1.59340334272413
POLA2,EED,138,510,1.59338466539937
PPP2R2A,BRAF,587,40,1.59336872662641
CHRM3,PIK3CA,298,302,1.59336757653851
H2AX,LIG3,554,14,1.59334859633543
PARP2,H2AX,351,554,1.59334859623658
EIF4G2,KIF23,408,395,1.59323645829242
SF3B3,YWHAG,293,454,1.59322923415551
DRD4,ANXA1,212,190,1.59315962280761
HNRNPD,G3BP2,530,385,1.59304863697415
CCT5,COP1,464,605,1.59292923506477
CSNK2A1,FGF1,287,309,1.59292738995251
EPHA2,BECN1,229,129,1.59291006561045
PIK3CG,PIK3R1,262,538,1.59289602485062
NCOA2,PML,252,206,1.59284824831323
CDKN1A,STAT5B,204,232,1.59284206808006
HNRNPU,IKBKB,370,198,1.59267748631779
ANXA1,VCAM1,190,162,1.59261594831779
CHRNA7,APP,165,491,1.59248479301382
APP,DDR2,491,339,1.59248479286179
ALDOA,H2AX,409,554,1.59234422336616
AHR,VIM,285,413,1.59233326451502
ESR2,NOLC1,39,193,1.59226349301508
ELOVL5,UBC,586,444,1.59212003859764
CEBPA,PARP1,418,350,1.59198645854936
ZDHHC5,PSMB2,557,336,1.59194056512911
CLTC,PUM1,375,539,1.59166385631292
UBR5,SSRP1,404,628,1.59163571519118
DDX5,SF1,396,507,1.59156244334824
SPTBN2,SRC,495,228,1.59146976387154
AKT1,HSP90AB1,203,301,1.59143876563392
FYN,STAT5B,234,232,1.59136570668553
H2AX,ARID1A,554,380,1.5913474302324
EGFR,ATAD1,25,460,1.59118074105898
MAPK6,PSMB2,381,336,1.59106895469887
PDIA6,ESR1,599,31,1.59106674550298
ANXA11,NTRK1,412,76,1.59088114056183
FGFR4,BECN1,341,129,1.59086662348749
GRB2,SHBG,565,38,1.59074400353648
RUVBL2,ACTB,292,286,1.59065759275602
CDKN1A,PSMB10,204,337,1.59059798157143
SF3B3,SF1,293,507,1.5905506737695
PPIF,HSPA8,547,242,1.59043416089097
MAPK1,STXBP1,202,544,1.59038892554134
PSME3,COP1,515,605,1.59037800988407
JUN,RARG,69,107,1.59031356279509
LARP1,SRSF7,438,584,1.59003899191653
EIF4G2,VCAM1,408,162,1.58995970449927
VCAM1,SEPTIN7,162,616,1.58995970430185
MYO10,TLN1,419,422,1.58968948626762
HSP90AA1,MINK1,290,397,1.58957853307918
HDAC2,MAP4,21,220,1.58942711671546
KDR,MAPK1,43,202,1.58939557791278
EIF4G1,PRKAB1,618,26,1.58936742155413
BECN1,EIF5B,129,523,1.58925416151933
PSMB2,CCND1,336,200,1.58917124703027
EGFR,ACADSB,25,17,1.5891611118036
EIF5,FYN,390,234,1.58910765823872
DAB2,FYN,403,234,1.58910765823872
TNPO1,ACTB,387,286,1.58907835052311
CDK6,PDGFRA,349,78,1.58902945498728
HNRNPA2B1,STAU1,392,471,1.58900428779312
AKT1,HDAC3,203,267,1.58880076663579
CDK4,EPHA2,348,229,1.58874937561684
BIRC5,MED1,274,535,1.58863690638002
NR0B1,ESR1,223,31,1.58857247287297
E2F1,HMMR,400,315,1.58845771114002
EED,NOLC1,510,193,1.58845756975169
NCOA2,SIN3A,252,456,1.58835889675046
HTR2C,PIK3CG,213,262,1.58835405108972
SRRM2,EIF3F,629,289,1.5883458384775
DNMT1,ZDHHC5,189,557,1.58822941393666
TUBB,TJP1,29,508,1.58819234906031
HNRNPA2B1,TOP1,392,124,1.58812294648249
JAK3,RAF1,332,41,1.58803409560267
IMPDH2,SSRP1,131,628,1.58791908234112
PIK3CA,PIK3CB,302,304,1.58791029020729
ZDHHC5,PAFAH1B1,557,382,1.58789706386091
ABL1,BRPF3,80,570,1.5876474565294
HSP90AB1,MAPT,301,222,1.58754399600914
SYK,YES1,258,231,1.58752438910346
ZMYND11,HDAC1,526,205,1.58740734515891
PAFAH1B1,TUBA4A,382,62,1.58718742428903
PDIA6,H2AX,599,554,1.58695158480665
ITK,PIK3R1,257,538,1.58692835377306
DAB2,APP,403,491,1.58691441584426
MAPT,API5,222,371,1.58687442561696
CALU,KIF23,450,395,1.58687318996701
XPOT,STAU1,512,471,1.58684375145924
DAB2,ACTB,403,286,1.58679855021481
CDK4,FGFR4,348,341,1.58666996973758
ATIC,NTRK1,64,76,1.58666910336084
ABL1,LIG3,80,14,1.58660648455434
KMT2C,WNK1,435,430,1.58650732098721
PIK3CA,BCR,302,75,1.58649166077988
BTK,BECN1,235,129,1.58647795774334
JUN,ZNF207,69,571,1.58646992365801
SRSF7,SF1,584,507,1.58638260942335
FYN,DDR1,234,79,1.58633729706426
CEBPB,AR,296,37,1.58632074405432
FGFR1,PDGFRB,47,45,1.58627068756638
ESR1,MED13,31,528,1.58625735573321
FLT3,UBC,44,444,1.58617316332273
ERBB2,TNPO1,247,387,1.58612138467716
ANXA1,HTR1B,190,74,1.58597180753539
ANXA1,P2RY12,190,123,1.58597180753539
G3BP1,TPM1,420,572,1.58595318124628
AR,ARID1A,37,380,1.58581168005344
ADRA1A,VIM,93,413,1.5857697532856
HSPA8,PDPK1,242,263,1.58571400603138
CSNK2A1,IGF2R,287,606,1.58567571102831
DNMT1,CCND1,189,200,1.5854166576959
CDK2,RRM1,261,50,1.58534481914889
NTRK1,TXNRD1,76,199,1.58529363187775
KPNA1,SMARCD1,476,625,1.58528074315373
PADI4,APP,197,491,1.58518696137962
GSK3B,MSN,260,426,1.58478086588932
GIPC1,GSK3B,612,260,1.5847808658287
HDAC2,TOP2B,21,99,1.58476893994035
G3BP1,CSK,420,237,1.58468704115593
STAU1,MAP4K4,471,549,1.58449064466345
MAP4,PIK3R1,220,538,1.58448808943379
TJP1,VIM,508,413,1.58440361379778
CDK2,MARCKS,261,473,1.58437522998084
DYNLL2,MAPK8,509,98,1.58436836766784
POLA2,MAPT,138,222,1.58430132066683
RUVBL2,HIF1A,292,632,1.58389000645298
AP2B1,EZR,475,506,1.58360881769791
HNRNPD,TLN1,530,422,1.58335473521425
ZDHHC5,TOP1,557,124,1.58332710172569
AHR,AR,285,37,1.58329420711781
EIF4G2,HDAC2,408,21,1.58325070672432
DRD1,YWHAG,215,454,1.58304759891388
ERBB4,LCK,347,230,1.58300339117234
STAU1,TOP2B,471,99,1.58294389862529
HDAC6,BIRC5,268,274,1.58290423354316
ESR1,RARA,31,112,1.58271557117448
ERBB2,SEC61A1,247,434,1.58267344512918
FYN,BRPF3,234,570,1.58255052883339
MAPK1,RET,202,48,1.58216810321661
CSNK2B,OGT,288,627,1.58209538490034
NRBP1,HSPA8,502,242,1.58209298925417
MAPK1,C1QBP,202,318,1.58206291995865
RUVBL2,STRN3,292,493,1.58203956606591
HNRNPU,HTR7,370,216,1.5819097767005
HTR7,ACTB,216,286,1.58180348720982
CLTC,BCR,375,75,1.58158215780626
MAPK8,SF1,98,507,1.58158068495413
EPHB4,JUN,239,69,1.58150727570348
SOGA1,JUN,458,69,1.58150727570348
PSME3,PSMB5,515,2,1.5814441017871
DRD2,PIK3CG,102,262,1.58142512349356
ERBB2,DDR1,247,79,1.58098097110036
TF,C1QBP,60,318,1.58085445058211
ESR1,HDAC3,31,267,1.58077073135646
APP,STK17B,491,283,1.58052909210002
PAFAH1B1,RAD21,382,552,1.58045371580453
GRB2,KITLG,565,562,1.58044110737302
PIK3R1,MAPK8,538,98,1.58038769922299
LYN,PIK3R1,243,538,1.58038769915492
SRCAP,JUN,610,69,1.58029368256186
PPIF,DNAJB11,547,575,1.58024558194597
RAB10,KIF23,522,395,1.58013435619642
A2M,LYN,59,243,1.58005558810718
KCNH2,NTRK1,9,76,1.57992421653316
ERBB2,ZAP70,247,265,1.57986384203991
CDK4,CD44,348,313,1.57982592766534
PRKAB1,TUBA4A,26,62,1.57973497155184
CDK2,GPI,261,591,1.57962594912143
PRKAB1,MAPK6,26,381,1.57955259420157
SF3B3,YES1,293,231,1.57948912921921
CSNK2A1,H2AX,287,554,1.5793915516457
HNRNPD,ICAM1,530,314,1.57934400310739
AR,RAF1,37,41,1.57933336504019
DHFR,RRM1,63,50,1.57909809126515
TPM1,VIM,572,413,1.57906914549295
HDAC2,CCND1,21,200,1.57903214293649
SLC25A3,EED,461,510,1.57898868396458
SRSF1,POM121,563,551,1.57876753675963
ESR2,RARB,39,113,1.57863388877534
ZAP70,TUBA1A,265,65,1.57862710904708
NTRK1,TXLNG,76,600,1.57861324037851
NTRK1,ZNF207,76,571,1.57861324037851
BIRC5,RAD21,274,552,1.57841435114221
FYN,KDR,234,43,1.57834467160567
HDAC6,DYNLL2,268,509,1.57834110623307
DNAJB6,MAPK6,459,381,1.57829500738376
RGL1,APP,407,491,1.57825667544659
SF1,NCOA1,507,251,1.57822242919343
RAD23B,VIM,525,413,1.57819930585689
G3BP1,CTNND1,420,415,1.57812178019926
MAP2K4,IKBKG,566,300,1.57810500320345
ACTB,TUBB1,286,218,1.57803794676241
DDX5,SRRM2,396,629,1.57785925707064
MBNL1,VIM,543,413,1.57776635897644
AP2B1,LCK,475,230,1.57766928257564
GRB2,TEK,565,307,1.57763194278982
E2F1,RARA,400,112,1.57756249525593
HTR7,TUBA1A,216,65,1.57751302838168
JAK2,LCK,330,230,1.5773939998767
FGFR1,PLEC,47,626,1.5773353138176
ATP2C1,NTRK1,225,76,1.57731416807758
PPIF,HSPA2,547,291,1.57707429512724
SF3B3,MACROH2A1,293,487,1.57705603005913
CCN2,ESR2,518,39,1.57691277953143
CDK2,FSCN1,261,480,1.57685096358989
SF3B3,SRRM2,293,629,1.576788212
FGFR3,PDPK1,308,263,1.57674906391997
TAOK1,YWHAG,555,454,1.57670368939085
EGFR,PDGFRA,25,78,1.57667976411819
RAB10,VCAM1,522,162,1.57667317335373
AR,TBL1XR1,37,477,1.57647639324622
HSP90AA1,YES1,290,231,1.57642102680607
CLTC,VCAM1,375,162,1.57631983100158
ANXA1,HTR2C,190,213,1.57631364183648
DNAJB6,CCND1,459,200,1.57629372566312
PSMB5,CCND1,2,200,1.57629372566312
CDK6,PML,349,206,1.57623865292889
CDK6,SRSF7,349,584,1.57623865292889
A2M,MAPK6,59,381,1.57612040207082
HDAC6,DNAJB6,268,459,1.57611315889727
IRF2BP2,NTRK1,492,76,1.57602669919153
VCAM1,QKI,162,447,1.5760073493776
FGFR1,YES1,47,231,1.57594536324008
FGFR1,JAK2,47,330,1.57594536324008
ERBB4,LYN,347,243,1.57587013224614
PCBP1,PIK3CB,537,304,1.57586232642463
NOS2,C1QBP,224,318,1.57584580178473
EGFR,SNX4,25,546,1.57579753673118
CEBPA,AR,418,37,1.57552838948281
AR,HDAC7,37,297,1.57552838937715
A2M,ANXA1,59,190,1.57538287278141
MTOR,GSK3B,140,260,1.57533904649087
DDX6,EZR,443,506,1.57525685792245
PDIA6,CSNK2A1,599,287,1.57521331250912
HSP90AB1,HDAC8,301,269,1.57520124101092
PTK2B,MAPT,250,222,1.57505206821196
UBC,RTL8C,444,423,1.57499542516867
PARP1,TOP2A,350,52,1.57499324179586
EIF4G1,PPP2R2A,618,587,1.57498334200842
ERBB2,ALDOA,247,409,1.57494198546417
HIBCH,SRSF1,281,563,1.5749072837351
HNRNPD,MAPT,530,222,1.57485806743529
PDIA6,FYN,599,234,1.57476330121018
PNPLA6,NTRK1,485,76,1.57475054446182
G6PD,NTRK1,377,76,1.57475054446182
LCN1,NTRK1,114,76,1.57475054446182
POLA1,STAU1,194,471,1.57472676876908
KPNA1,UBR5,476,404,1.57456695840833
H2AX,RAD23B,554,525,1.57454430659336
ERBB2,RHOC,247,583,1.57440529303332
TUBB,ICAM1,29,314,1.57420094240097
H2AX,MBNL1,554,543,1.57410481116442
MET,PCBP1,329,537,1.57400065834088
AKT1,PIK3R1,203,538,1.57396860175855
OGDH,C1QBP,19,318,1.57388996622454
APP,IREB2,491,613,1.57381669399376
FYN,TYK2,234,333,1.57375603448307
ABL1,G3BP2,80,385,1.57373556750031
ABL2,PIK3R1,233,538,1.57362902713207
DNMT1,HDAC3,189,267,1.57357552799081
ESR2,BZW1,39,365,1.57353068310771
SOGA1,NTRK1,458,76,1.57348542632041
CDK2,MAPK11,261,340,1.57316367144138
HSP90AB1,PPARD,301,23,1.57314056754562
RHOC,TUBA1A,583,65,1.57314046
HDAC1,KPNA1,205,476,1.57309543476312
GSK3B,PSMB10,260,337,1.57293828735903
CSNK2B,BCR,288,75,1.5728498694773
DNAJB6,PIK3CA,459,302,1.57272417777704
EGFR,EPHA2,25,229,1.57257103050641
PDPK1,PIK3CG,263,262,1.57242091257009
SRRM2,SRSF7,629,584,1.57237402751717
LIG1,NTRK1,13,76,1.57223107700995
ADRA1D,MAPK1,95,202,1.57219654874588
FGFR4,MAPK1,341,202,1.57219654874588
CDK4,MET,348,329,1.57217428144448
CEBPA,C1QBP,418,318,1.57195981507298
CORO1C,KIF23,533,395,1.57182565718772
ESR1,RARB,31,113,1.57156708572306
HTR2C,PIK3CA,213,302,1.5714486812494
LYN,MAP2K1,243,342,1.57143028098446
PDGFRB,PIK3CA,45,302,1.57113150858825
RAB5A,EIF3F,446,289,1.5710909157202
MAPK1,VDR,202,0,1.5708880761129
PSME3,PLEC,515,626,1.57073056717018
PCBP1,SRSF11,537,494,1.57070783051285
CCT5,PPP2R2A,464,587,1.57068562814501
MAPK11,YWHAG,340,454,1.57062649888293
FGFR1,PDPK1,47,263,1.5705139288897
CDKN1A,CEBPA,204,418,1.57043978162547
CCN2,EGFR,518,25,1.57043121772927
SPINDOC,EGFR,619,25,1.57043121772927
HDAC2,MSN,21,426,1.57026937613976
ESR2,PISD,39,498,1.57022449799061
MAP3K2,HSP90AA1,516,290,1.57010791185799
LYN,YES1,243,231,1.5700920349924
CCN2,ESR1,518,31,1.5697952826028
ESR1,SEPTIN3,31,596,1.56979528236188
TNFAIP6,UBC,324,444,1.56971502638294
PML,BCL2,206,219,1.56967412694775
EIF4G1,SMARCD1,618,625,1.56961047663612
ZDHHC5,MAP2K1,557,342,1.5695632428754
HDAC6,PHB2,268,312,1.56932398711247
SRRM2,HNRNPA2B1,629,392,1.56929983927356
CCT5,SRRM2,464,629,1.56929983925098
EPHA2,RAF1,229,41,1.56914124664545
STAU1,API5,471,371,1.56902914272283
DRD2,ANXA1,102,190,1.56902722650984
CLTC,PRKAB1,375,26,1.56883997107408
AKT1,JAK3,203,332,1.56879884214173
ESR2,CACNA1C,39,86,1.56859839396172
ANXA2,MORF4L2,373,474,1.56843761130544
CDH5,SRC,55,228,1.56843106721858
ZDHHC5,PLEC,557,626,1.56839990973753
SYK,EZR,258,506,1.56832284580988
APP,KDR,491,43,1.56822700077757
G6PD,GRB2,377,565,1.56820558072828
CSNK2B,DNMT1,288,189,1.56807515062312
HNRNPD,SRSF11,530,494,1.56793953527268
SIN3A,MACROH2A1,456,487,1.56776320811578
RAB10,STAU1,522,471,1.56763793623387
TNPO1,VCAM1,387,162,1.56761470567155
LARP1,SRSF1,438,563,1.5675087448425
BRPF3,MAPT,570,222,1.56748557323321
NR3C1,KPNA1,36,476,1.56740178486853
A2M,VCAM1,59,162,1.56737082868915
SRRM2,LYN,629,243,1.56728471349607
AP2B1,ZDHHC5,475,557,1.56724543219925
HSP90AA1,BCL2,290,219,1.56719789511339
AKT1,ALDOA,203,409,1.56712441279774
FRS2,PIK3R1,425,538,1.56705182365721
ZDHHC5,YES1,557,231,1.56695817389037
EGFR,BZW1,25,365,1.5669578236166
FGFR4,RAF1,341,41,1.56688640908863
CLTC,SF1,375,507,1.56687311571982
GRB2,PRKAB1,565,26,1.56659748635171
GART,JUN,83,69,1.5664707814562
PIK3CG,RARA,262,112,1.56645558693075
ETS1,SRC,437,228,1.56644687362624
ABL1,KIT,80,46,1.56634581216617
CTNND1,MAPK1,415,202,1.5661853719651
FGFR2,MAPK1,338,202,1.5661853719651
ERBB4,PIK3CA,347,302,1.56614551192028
NTRK1,ARID4B,76,379,1.56611218010352
CLTC,PDGFRB,375,45,1.56589910600901
ACTB,TJP1,286,508,1.56581909002051
GRB2,MYO10,565,419,1.56561771374784
RUVBL2,CRBN,292,53,1.56551540567333
HCK,AR,275,37,1.56548205278085
BAD,BECN1,358,129,1.5653560342869
CDK4,BIRC5,348,274,1.56525375811909
ALDOA,MAPT,409,222,1.56523171034962
HSP90AB1,PRKCQ,301,264,1.56517099827859
EGFR,SLC25A3,25,461,1.56509480711328
ERBB2,RET,247,48,1.56506129574918
HIF1A,MED13,632,528,1.56498028820848
AKT1,RAP1A,203,602,1.56491997369977
PSME3,TUBB,515,29,1.56483921518663
PPP2R2A,TUBA4A,587,62,1.5647519274408
SLC25A3,RAF1,461,41,1.56466431824121
ESRRB,HSPA8,253,242,1.564612752
FLOT2,KIF23,417,395,1.56454807297092
CDK4,NCOA2,348,252,1.56454320791928
FGFR1,RARA,47,112,1.56450164346775
PHB2,PPARG,312,24,1.56439536050385
MAPT,STXBP1,222,544,1.56411701707367
YWHAG,API5,454,371,1.56407175777962
CDKN1A,PSMB8,204,334,1.56383224339728
PCBP1,VCAM1,537,162,1.56375276764127
HDAC6,JAK2,268,330,1.56369735214795
LAYN,DDR2,322,339,1.56360466823689
H2AX,TOP2A,554,52,1.56351699215889
HSPA8,RAF1,242,41,1.56344316563014
PHB2,SLC25A3,312,461,1.56344082832999
SRRM2,TUBA4A,629,62,1.56333230008269
JAK2,MAPK3,330,201,1.56331820033317
GSK3B,IMPDH2,260,131,1.56309376617536
CEBPB,GSK3B,296,260,1.56309376594265
PIK3CA,MAP2K1,302,342,1.56280943296308
DNAJB6,BECN1,459,129,1.56266419078831
RAB10,YWHAG,522,454,1.56265227126924
SRC,STAT5B,228,232,1.56255357939019
MAPT,TF,222,60,1.56245980501269
MAPK1,TOP2A,202,52,1.56244216240966
AR,BTK,37,235,1.56241971122072
LARP1,MTOR,438,140,1.56233623580428
JAK1,PIK3CA,331,302,1.56221047467536
ESR1,ACTB,31,286,1.56206339031839
SRC,HDAC3,228,267,1.56204622352154
CEBPA,HIF1A,418,632,1.56195575955133
AKT1,RCN2,203,440,1.56167098091135
MTOR,BAD,140,358,1.56164565098723
G3BP1,KIF23,420,395,1.56155861821191
SIK1,LYN,344,243,1.56142768447519
PTK2B,HSP90AB1,250,301,1.56133634703876
SOGA1,ARID1A,458,380,1.56129445697154
TJP1,TUBA1A,508,65,1.56123686461937
ERBB2,ATP2A2,247,489,1.56108473702152
CSNK2B,VCAM1,288,162,1.5610819291473
TUBB,PAFAH1B1,29,382,1.56106008602165
CLTC,STAU1,375,471,1.5608647489838
IGF2R,VCAM1,606,162,1.56085831227696
HDAC6,SRRM2,268,629,1.56081602303808
ESR2,ZFHX3,39,558,1.56071681304705
ESR2,ZNF217,39,401,1.56071681304705
CDKN1A,VDR,204,0,1.5606313699509
LIG3,KIF23,14,395,1.56045625007607
LARP1,HNRNPD,438,530,1.56043993281186
HDAC2,TNPO1,21,387,1.56025248478401
JAK2,PIK3CA,330,302,1.5601318688407
PIK3CA,YES1,302,231,1.56013186871324
PTP4A1,STK17B,469,283,1.560031981
RAF1,CD44,41,313,1.55945709556952
FYN,STRN3,234,493,1.55940213187645
HSPA8,SYT1,242,595,1.55920711499574
ESR2,TXNRD1,39,199,1.55918698658845
CSNK2A1,EIF5B,287,523,1.55897133211334
HNRNPD,VCAM1,530,162,1.55895998475942
JUN,KMT2C,69,435,1.55895364626741
IMPDH2,KIF23,131,395,1.55873452815641
RHOC,KIF23,583,395,1.55873452815641
HDAC2,WNK1,21,430,1.55832379295562
G3BP1,LARP1,420,438,1.55825583771748
TNPO1,STAU1,387,471,1.55823473121199
CDKN1A,PUM1,204,539,1.55793830962447
GART,NTRK1,83,76,1.55793385499558
GSPT1,NTRK1,588,76,1.55793385499558
SYK,TUBG1,258,67,1.55784307708749
PSMB9,RAF1,335,41,1.55775866726751
MAPK3,BCL2,201,219,1.55759821663083
FYN,TLN1,234,422,1.55758435080269
CLTC,MAP2K1,375,342,1.55739617719368
G3BP1,DYNLL2,420,509,1.55720396652205
SRC,DDR1,228,79,1.55688844038336
HMMR,JUN,315,69,1.55686978142142
PHB2,HDAC3,312,267,1.55685421902176
PARP1,PRKAB1,350,26,1.55662832612029
HSPA8,AXL,242,356,1.55657165266527
HNRNPD,SF1,530,507,1.55630928897131
TOP1,EED,124,510,1.55625810773736
PARP1,VCAM1,350,162,1.55606308733987
HSP90AB1,SRC,301,228,1.55605527403157
FGF1,PIK3R1,309,538,1.55600980423695
PPARG,MACROH2A1,24,487,1.55600537553947
JAK3,IKBKG,332,300,1.55591034431847
HCK,ACTB,275,286,1.55587236937661
RANBP2,SRSF7,631,584,1.55586125709423
PML,RANBP2,206,631,1.55586125707178
GPI,JUN,591,69,1.55583783087336
HMMR,TYMS,315,15,1.55582585545299
FLOT2,SRC,417,228,1.55565619280826
EIF5,STAU1,390,471,1.5556473344254
EPHA2,HIF1A,229,632,1.5555942404556
APP,RTL8C,491,423,1.55530858546938
CSK,ERBB2,237,247,1.55530066613989
G3BP1,VCAM1,420,162,1.55527711151677
HSP90AB1,HTR7,301,216,1.55514425960677
HNRNPU,MORF4L2,370,474,1.555075029
RUVBL2,PRKAB1,292,26,1.55506878608453
PRKCQ,YWHAG,264,454,1.55506430346468
SRSF1,STAU1,563,471,1.55504941062119
ZDHHC5,UBA1,557,294,1.55481426554027
FGFR1,HSPA2,47,291,1.55480783568744
FGFR1,RAB5A,47,446,1.55480783568744
AP2B1,NTRK1,475,76,1.55470710887244
HIF1A,RAD23B,632,525,1.55463740315791
DYNLL2,EED,509,510,1.55412137583997
MAPK6,RARA,381,112,1.5540666901663
FGFR2,FYN,338,234,1.55400889040688
PRKAB1,UBE2D3,26,486,1.55398589661226
ALK,HSP90AA1,328,290,1.55384546730464
PARP1,IKBKG,350,300,1.55374186904503
CSNK2A1,ICAM1,287,314,1.5536181459373
EGFR,NR3C1,25,36,1.55358819039381
MAP2K2,TUBA1A,343,65,1.55345870981339
RUVBL2,VCAM1,292,162,1.55344984462971
NTRK1,RRM1,76,50,1.55344164328335
APP,MAP2,491,221,1.55337947034917
DNMT1,H2AX,189,554,1.55321894548385
FGFR4,HIF1A,341,632,1.55321251729144
ESR2,GRIA4,39,157,1.55320876175954
PATL1,APP,624,491,1.55313036440021
PDIA6,KIF23,599,395,1.5531244967929
EIF4G2,HSPA8,408,242,1.55312286541386
HSPA8,SEPTIN7,242,616,1.55312286524942
ESR1,ZFHX3,31,558,1.55311007907658
DDX5,EIF4G1,396,618,1.55310413667813
CDK4,DAZAP2,348,581,1.55292762819554
TAOK1,BRAF,555,40,1.55276474563523
FYN,CD44,234,313,1.55268793884416
CDKN1A,PSMB9,204,335,1.55268301599534
CSNK2B,SSRP1,288,628,1.55259767628021
ERBB2,HCK,247,275,1.55248401418655
MAPT,NOLC1,222,193,1.55234599388806
MAPT,G3BP2,222,385,1.55234599388806
CDK6,SRSF1,349,563,1.55233836706968
MARCKS,NTRK1,473,76,1.55233753292321
HDAC6,KPNA1,268,476,1.55219982018603
MAPK1,COP1,202,605,1.55209877129164
DAB2,PIK3R1,403,538,1.55205714518037
ERBB2,SLC25A3,247,461,1.55201920109147
EIF4G1,SF3B3,618,293,1.55192009117499
NR3C1,LCK,36,230,1.55166018681658
ERBB2,TLN1,247,422,1.55155568098321
CSNK2A1,PNN,287,534,1.55143819493274
LIG3,SRC,14,228,1.55141476383584
SMARCD1,LZTS2,625,630,1.55139965576243
NTRK1,KIF3B,76,504,1.55124070435219
IGF2R,STAU1,606,471,1.5512154890653
CEBPA,GSK3B,418,260,1.55120658381781
MET,RAF1,329,41,1.55113686576939
E2F1,TUBA4A,400,62,1.55109450734455
PLEC,BECN1,626,129,1.55108360684098
SF1,EED,507,510,1.55096731637001
ALDOA,HSP90AB1,409,301,1.55094561050756
CDK6,BECN1,349,129,1.55077332071707
SRSF1,TMSB4X,563,378,1.55073306151967
GSK3B,TJP1,260,508,1.55068622769296
SLC25A3,TUBA1A,461,65,1.55063463249195
HNRNPU,ICAM1,370,314,1.55057258523645
SF3B3,SRSF7,293,584,1.55055813280004
H2AX,BIRC5,554,274,1.55055403641898
APP,NOLC1,491,193,1.55053178105725
ICAM1,ACTB,314,286,1.55045191183098
LARP1,ARID1A,438,380,1.55035210975184
ESR2,MINK1,39,397,1.55029918036277
TLN1,TUBA1A,422,65,1.55016855748296
TUBA1A,MORF4L2,65,474,1.55016855736352
CDK2,HACD3,261,374,1.55004194931546
RUVBL2,PPIC,292,576,1.5499031634225
PSME3,PSMB1,515,3,1.54981523600667
JUN,HDAC9,69,18,1.5497784203895
HSP90AB1,STXBP1,301,544,1.54976517352642
APP,TMSB4X,491,378,1.54958725196626
TUBB,VCAM1,29,162,1.54956501660481
YES1,BECN1,231,129,1.54953787457565
PARP1,SSRP1,350,628,1.54950645314209
MAPK8,EZR,98,506,1.54942004797662
NR3C1,PML,36,206,1.54914064148978
EGFR,MIER1,25,442,1.54911521121424
EIF4G1,HSPA8,618,242,1.54898533329748
HSPA8,PTK6,242,306,1.54891038041001
PIK3R1,DDR1,538,79,1.54883353773392
UBE2Z,UBC,559,444,1.54870650676939
HSP90AA1,IKBKG,290,300,1.54842447160928
ESR1,RARG,31,107,1.54842240980173
CRBN,RAF1,53,41,1.54832078019967
EPHA2,AKT1,229,203,1.54830485211361
HNRNPU,ACTB,370,286,1.54829886373437
SRRM2,SRSF1,629,563,1.54807982709513
ERBB2,FGFR2,247,338,1.54789285145641
RAP1A,SRC,602,228,1.54786310201958
HSP90AB1,IKBKB,301,198,1.54784546199147
SERP1,APP,542,491,1.54772270875709
PCBP1,STAU1,537,471,1.54762755388525
UBR5,NCOA1,404,251,1.54762590697288
HNRNPU,TOP2A,370,52,1.54749137914892
CDKN1A,TUBA1A,204,65,1.5474431748501
ESR2,LCN1,39,114,1.54743906701174
ESR2,G6PD,39,377,1.54743906701174
PNPLA6,ESR2,485,39,1.547439067
HDAC6,SYK,268,258,1.54739569356002
HSP90AA1,PGR,290,30,1.54721400234041
SF3B3,HNRNPA2B1,293,392,1.54720063362641
MAPKAPK2,KIF23,259,395,1.54716528715214
CDKN1A,HDAC1,204,205,1.5471105399258
KPNA1,RAD21,476,552,1.54711024603372
ZDHHC5,RANBP2,557,631,1.54702569998712
UBR5,MAPK6,404,381,1.5470012723475
CDK2,DHFR,261,63,1.54698408336612
GPI,NTRK1,591,76,1.54692347982753
FTL,PIK3CA,589,302,1.54682471164635
CTNND1,TUBA1A,415,65,1.54648543050632
HNRNPD,MAP2K1,530,342,1.54641535424671
PPARG,RARA,24,112,1.5463654556338
GRB2,PIK3CD,565,303,1.54630293637286
HRH1,PIK3R1,103,538,1.54629810492835
RAD21,UBA1,552,294,1.54628345580445
RAD21,EIF3F,552,289,1.54628345580445
SRSF1,YWHAG,563,454,1.54625788251772
FYN,PIK3CB,234,304,1.54623502457855
CDK2,GSTP1,261,354,1.54622810191529
CHORDC1,EIF5B,439,523,1.54611498289384
NOLC1,KIF23,193,395,1.54610393160685
TJP1,KIF23,508,395,1.54610393160685
KIF23,G3BP2,395,385,1.54610393155469
SOGA1,ESR2,458,39,1.54602680080284
JUN,CBR1,69,295,1.54585688729978
AKT1,FGFR4,203,341,1.54585295462878
SSRP1,EED,628,510,1.54583855726319
HNRNPD,JAK1,530,331,1.5457759152855
ICAM1,TUBA1A,314,65,1.54557691432036
CDKN1A,PSMB2,204,336,1.54551094423323
FTL,RAD21,589,552,1.54546062110938
PSME3,DDX5,515,396,1.54534635808371
IMPDH2,STAU1,131,471,1.54508059151397
CCT5,LCK,464,230,1.54481312610446
CDK2,POLA2,261,138,1.544726012
SOGA1,SRRM2,458,629,1.54468022886183
YWHAG,REEP4,454,561,1.54461645038403
HSPA2,NCOA1,291,251,1.54458510456201
HSP90AA1,MAP4K4,290,549,1.54444929020514
BRPF3,PIK3R1,570,538,1.54442078061519
PHB2,EED,312,510,1.54416252738107
FYN,MET,234,329,1.54413714925855
PSME3,SF3B3,515,293,1.54412535331398
UBR5,MAPK3,404,201,1.54411593386491
GSK3B,PSMB8,260,334,1.54406284432883
MTOR,PPP2R2A,140,587,1.54402792747709
PSMB1,CCND1,3,200,1.54395613583806
PARP1,YY1,350,514,1.54395386812941
ESR1,ZNF207,31,571,1.54386053862741
NTRK1,FSCN1,76,480,1.54375557436424
LYN,MAPK8,243,98,1.54373692743093
HSPA8,TUBG1,242,67,1.54366206628553
PIK3CA,SYK,302,258,1.54358933079809
PIK3CB,ACTB,304,286,1.54348560036485
AKT1,SLC25A3,203,461,1.5434354267415
HSP90AB1,TYK2,301,333,1.54341503755025
PSMB2,UBC,336,444,1.54339694369276
RET,IKBKG,48,300,1.54338717632468
LIG3,PIK3R1,14,538,1.54318041024102
PARP1,HDAC2,350,21,1.54310026644575
EGFR,PTGS2,25,56,1.54307568228962
JUN,MAP4,69,220,1.54297326229902
AKT1,TLN1,203,422,1.54295592092538
AP2B1,GRB2,475,565,1.54279032921405
FGFR1,RXRA,47,118,1.54271144540808
NLK,PRKCQ,363,264,1.54246533426284
ESR1,MINK1,31,397,1.5423661887253
LYVE1,AXL,327,356,1.54236507039063
DDX5,NCOA1,396,251,1.54233899554778
HSP90AB1,NOS2,301,224,1.5422850744973
HNRNPA2B1,SRSF7,392,584,1.54222427043683
VCAM1,VIM,162,413,1.54216777840404
XPOT,JUN,512,69,1.54202253473965
ADRA1B,PIK3R1,94,538,1.54194876382641
PML,RXRA,206,118,1.54177281794464
HSPA2,CCND1,291,200,1.54165435992142
HDAC6,HSPA2,268,291,1.54144688046621
G3BP1,YES1,420,231,1.54122028468825
G3BP1,JAK2,420,330,1.54122028468825
TUBA1A,CAPZB,65,592,1.54110419409835
CLTC,FTL,375,589,1.54105255462893
CSNK2A1,SRSF11,287,494,1.54093958681348
ESR1,IRF2BP2,31,492,1.54088442410031
SF3B3,TUBA4A,293,62,1.54067596821743
FGFR3,MAPK3,308,201,1.54052397323142
ESR2,SLC5A6,39,364,1.54048983271068
A2M,H2AX,59,554,1.54029268994956
SIN3A,PML,456,206,1.54020175315797
PARP1,PPP2R2A,350,587,1.54013857318196
JUN,MPG,69,58,1.54013629883654
ATXN10,HSPA8,433,242,1.53999262924873
ACTB,TUBA1A,286,65,1.53989655581707
PLEC,EED,626,510,1.53955325546488
ARPP19,UBE2D3,361,486,1.53948224203462
PNPLA6,ESR1,485,31,1.53941493199912
CSNK2A1,PAFAH1B1,287,382,1.53931694999548
FGFR3,HSP90AA1,308,290,1.5392303305584
JUN,MAP4K4,69,549,1.5392006298832
UBR5,PPARG,404,24,1.53907912142162
H2AX,ANXA2,554,373,1.53887469101546
G3BP1,STAU1,420,471,1.53869087647006
EGFR,EPHB4,25,239,1.53867921683113
HNRNPU,CRBN,370,53,1.53856435324911
HTR2B,PIK3R1,104,538,1.53830439071233
DYNLL2,RAF1,509,41,1.53824615814354
EIF4G2,PPP2R2A,408,587,1.53822859905182
RAD21,RANBP2,552,631,1.53822429016828
MAPT,OGT,222,627,1.53799780473312
KDR,YWHAG,43,454,1.5377838235747
CLTC,LDLR,375,398,1.53777427556163
AKT1,CD44,203,313,1.53776541228864
HNRNPU,SRSF11,370,494,1.53773718257558
PPIF,SUB1,547,386,1.53773695271183
ANXA1,PIK3CG,190,262,1.53764111000556
SRC,MAPKAPK2,228,259,1.53762640181838
L1CAM,NTRK1,188,76,1.53758626580674
GRB2,KMT2B,565,399,1.53741599801684
HNRNPD,BCL2,530,219,1.53736459789686
JUN,TOP2B,69,99,1.53734380684892
DDX6,PCBP1,443,537,1.53721276979862
RUVBL2,MACROH2A1,292,487,1.53721190448227
FGFR3,PIK3CA,308,302,1.53703442076371
HIF1A,BCR,632,75,1.53698450234183
SLC29A1,UBC,163,444,1.53698108288677
RUVBL2,SRRM2,292,629,1.53689779936254
HPGDS,MARCKS,122,473,1.53687005267232
HSPA8,QKI,242,447,1.53685844184515
RARA,BECN1,112,129,1.53678710906183
MYO10,PDGFRA,419,78,1.53676080660002
XPOT,CHORDC1,512,439,1.53670943305146
CDK2,CORO1C,261,533,1.5366864439503
RAB10,RAB5A,522,446,1.53661583031965
NTRK1,CBR1,76,295,1.5365784079678
FGFR1,TUBA4A,47,62,1.53653121168368
SRC,TJP1,228,508,1.53652457534706
HDAC6,NR3C1,268,36,1.53643218202298
GRB2,FSCN1,565,480,1.53633564311444
SIN3A,RXRA,456,118,1.53624271781472
HSPA2,RAD21,291,552,1.5361354183035
HDAC2,TBL1XR1,21,477,1.53564467594771
PARP1,BCL2,350,219,1.53548143744205
KIF23,EIF5B,395,523,1.53533103642886
AR,SF1,37,507,1.53531133566843
DDX5,PIK3CA,396,302,1.53524112509307
IKBKB,BCL2,198,219,1.5351411265073
DCAF12,STRN3,481,493,1.53510341771728
G3BP1,PDPK1,420,263,1.53497120809347
SRRM2,EED,629,510,1.53474319516841
CEBPA,HDAC2,418,21,1.53452852489808
BASP1,CACNB1,488,145,1.53448715192179
G3BP1,GART,420,83,1.53443417147399
PSME3,UBC,515,444,1.53438729445917
TPM1,IKBKG,572,300,1.53429282626562
SIN3A,MED1,456,535,1.53418123855359
UBC,SLC5A6,444,364,1.53416633372233
HTR2A,PIK3R1,101,538,1.53414375672506
HDAC2,G3BP2,21,385,1.53397298352452
ABL1,SF1,80,507,1.53376279279042
SYK,HDAC3,258,267,1.53376033187433
CSNK2A1,TOP1,287,124,1.5337500646807
MAP4,NTRK1,220,76,1.53358781963261
FGFR1,MAPK3,47,201,1.53330533667586
CDK2,PSMB10,261,337,1.53314745582376
CDKN1A,BAD,204,358,1.53314624003518
PARP1,BRAF,350,40,1.53304550926665
PDGFRA,BECN1,78,129,1.5328248241983
HDAC6,PML,268,206,1.53276012397239
TUBB,STAU1,29,471,1.53266401714366
NTRK1,SYT1,76,595,1.53260165450557
XPOT,NTRK1,512,76,1.53260165427594
CSNK2A1,LARP1,287,438,1.53257886829405
SF3B3,RAD21,293,552,1.53253642336086
SF3B3,PPARG,293,24,1.53233240371858
PML,MAPK3,206,201,1.53233165840231
ESR1,SLC5A6,31,364,1.53224144603186
CCT5,TUBA4A,464,62,1.53200798163869
GSK3B,PSMB9,260,335,1.53198617318949
PIK3CA,PIK3CG,302,262,1.53195651098319
HSPA8,TUBA1A,242,65,1.53185969517494
CCT5,MAPK6,464,381,1.53178731130859
STAU1,G3BP2,471,385,1.53173424347622
CSNK2B,EIF3F,288,289,1.53162421632961
CLTC,TXNRD1,375,199,1.5312118202627
NOS2,YWHAG,224,454,1.53120054310132
GSK3B,TOP2A,260,52,1.53105368015409
ESRRB,GRB2,253,565,1.5310272961574
AKT1,PIK3CB,203,304,1.53091902549578
ESR1,ZNF622,31,499,1.53083966709046
EPHA2,HSP90AB1,229,301,1.53083123758335
NR3C1,PPARG,36,24,1.5308099465432
CDH2,NTRK1,621,76,1.53064485718552
ATP1B1,NTRK1,594,76,1.53064485718552
ZDHHC5,LYN,557,243,1.53056420075704
HNRNPU,TOP1,370,124,1.5304564834533
PPIF,RUVBL2,547,292,1.53045080991512
SIN3A,NCOA1,456,251,1.53034902382804
APP,TEK,491,307,1.53009009303101
CDKN1A,PSMB5,204,2,1.53008716395783
ATP2A2,STAU1,489,471,1.53006314920789
BASP1,ESR2,488,39,1.52990335605682
RANBP2,SRSF1,631,563,1.52983372648108
LCK,LZTS2,230,630,1.52980180345957
FGFR1,PIK3CA,47,302,1.5297160520237
SRRM2,VIM,629,413,1.52970465822872
NTRK1,MAP4K4,76,549,1.52967406241612
PSME3,ZDHHC5,515,557,1.52964061369221
FPGS,PGD,16,139,1.52957398376852
ADRA1A,PIK3R1,93,538,1.52950094278027
CCT5,CCND1,464,200,1.52937694308437
LARP1,HNRNPU,438,370,1.52927028192209
CSK,HSP90AB1,237,301,1.52925159341413
KIF23,CD44,395,313,1.52896900833351
GRB2,CBR1,565,295,1.52894558322259
EIF4G1,RAD21,618,552,1.52875616370786
VCAM1,PUM1,162,539,1.52867350568445
G3BP1,KPNA1,420,476,1.5286311498575
ESR2,GSPT1,39,588,1.52862155329902
PSME3,MAPK6,515,381,1.5285206612998
APP,MIER1,491,442,1.52841680980349
JUN,MAPK11,69,340,1.528331626
MAPK3,RXRA,201,118,1.52824915033616
DDX6,EED,443,510,1.52821347295733
HSP90AA1,HDAC8,290,269,1.52786910807736
PIK3R1,NOLC1,538,193,1.52778902496591
PIK3R1,G3BP2,538,385,1.52778902496591
NTRK1,TOP2B,76,99,1.527747288
IMPDH1,NTRK1,130,76,1.52774728780669
G3BP1,UBA1,420,294,1.52774263358394
G3BP1,EIF3F,420,289,1.52774263358394
AP2B1,MAPK1,475,202,1.5276794379541
CDK4,PDGFRA,348,78,1.52751606591539
CDKN1A,A2M,204,59,1.52745065373321
RUVBL2,KPNA1,292,476,1.52741671932196
JAK2,MAPK1,330,202,1.52734362118179
EGFR,TJP1,25,508,1.52712107422605
FRS2,EGFR,425,25,1.52712107422605
PML,PPARG,206,24,1.52705678682562
PNN,KIF23,534,395,1.52705399216128
EZR,BECN1,506,129,1.52703519754037
DCAF12,TLE4,481,501,1.52690489853208
PNPLA6,HSD17B1,485,271,1.52682095708529
HDAC8,NEK11,269,345,1.52682095708529
HSP90AB1,VDR,301,0,1.52664774268613
CLTC,NR3C1,375,36,1.52635055687664
MED1,MAPK3,535,201,1.52612289825562
ESR2,PFN2,39,582,1.52608354138702
PSME3,CCND1,515,200,1.52607970886387
PCBP1,UBR5,537,404,1.52604577999024
MAPT,PSMB2,222,336,1.52604200573141
GRB2,SPTBN2,565,495,1.52586516082808
EIF4G2,NTRK1,408,76,1.52583976342275
NTRK1,TAOK1,76,555,1.52583976334152
PPARG,TCF4,24,614,1.52582197580619
HSPA8,CCND1,242,200,1.52558395769038
SCN4A,CACNA1S,137,168,1.52513010860874
MTOR,UBR5,140,404,1.52493793251434
SLC25A3,SRC,461,228,1.52481793341506
CAPZB,KIF23,592,395,1.52468680281261
CTNND1,APP,415,491,1.52466535051785
GSK3B,MET,260,329,1.52465175799189
BTG3,PTP4A1,517,469,1.52463418258198
GSK3B,PSMB2,260,336,1.52420254092458
EGFR,TUBA4A,25,62,1.52412269286607
BRAF,VIM,40,413,1.52398300801524
SF3B3,SRSF1,293,563,1.5239567763055
MAPK1,SRC,202,228,1.52360171729491
DNMT1,AKT1,189,203,1.52345010499971
RAF1,YY1,41,514,1.52341446134643
GART,OGDH,83,19,1.52338318127144
MAPK14,SRSF7,245,584,1.52334713048126
PSME3,EIF4G1,515,618,1.5233426070779
CDK2,CLTC,261,375,1.52333487981363
TUBB,YWHAG,29,454,1.52321376003752
JUN,HACD3,69,374,1.52312366606407
CCND1,NCOA1,200,251,1.52283799132183
CDK6,AR,349,37,1.52281769485334
BTG3,STK17B,517,283,1.52268323611569
LYN,PIK3CA,243,302,1.52267105875775
NR3C1,JUN,36,69,1.52263568495721
NR3C1,SRSF1,36,563,1.52238450073209
CDK6,RAF1,349,41,1.52237322299168
CDK2,ALDOA,261,409,1.52225104187507
HDAC6,TUBA4A,268,62,1.52215575018968
CHRM1,HSPA8,266,242,1.52193588543708
APP,PTGS2,491,56,1.52186582568494
MTOR,PDGFRA,140,78,1.52163193854018
CDK2,RHOC,261,583,1.52159000438255
AR,YES1,37,231,1.52144022952624
DNAJB6,ERBB2,459,247,1.52141448465151
ATL3,NTRK1,414,76,1.52115144924478
EPHA2,PIK3R1,229,538,1.52108956054696
ANXA2,ACTB,373,286,1.52103099153892
E2F1,EED,400,510,1.52101501897129
PDPK1,MAPK1,263,202,1.52074685226025
MAP3K2,UBC,516,444,1.52069228648101
H2AX,SMARCD1,554,625,1.52040444764043
ERBB4,FYN,347,234,1.52032466322693
DDX5,PCBP1,396,537,1.52029309822008
FGFR2,SRC,338,228,1.52022777418022
CTNND1,SRC,415,228,1.52022777418022
ABL2,NTRK1,233,76,1.52022705045798
LYVE1,VCAM1,327,162,1.5201753806108
AP2B1,ABL1,475,80,1.52015243517132
DNAJB6,HIF1A,459,632,1.52011384787381
HIF1A,PSMB5,632,2,1.52011384779278
PIK3CG,BECN1,262,129,1.52010086413243
ESR2,KMT2C,39,435,1.51988006812645
SLC25A3,STAU1,461,471,1.51980534926366
AR,PPP2R2A,37,587,1.51973178251813
TUBB,SYK,29,258,1.51949198691285
DNMT1,GSK3B,189,260,1.51932784587564
STAU1,TLN1,471,422,1.51928005871183
SF3B3,PCBP1,293,537,1.51894779157084
GSTP1,JUN,354,69,1.5188872150068
RAB10,JUN,522,69,1.5188872150068
ACTB,SSRP1,286,628,1.51877468732013
SUB1,ESR2,386,39,1.51866240365829
ADRA1D,PIK3R1,95,538,1.51836411447987
PISD,GART,498,83,1.51821778675232
IREB2,ATAD1,613,460,1.51821778675232
HIF1A,PDGFRB,632,45,1.51815345692195
HSPA8,HTR7,242,216,1.51767485448925
CSK,YWHAG,237,454,1.51758393754422
NTRK1,CALU,76,450,1.51747925176246
NTRK1,POLA1,76,194,1.51747925176246
ESR2,ADAM15,39,368,1.51745207951886
ERBB4,HNRNPU,347,370,1.51742167861275
PSMB5,UBC,2,444,1.51741191578551
PARP1,HSPA2,350,291,1.51737298573068
ERBB2,ANXA2,247,373,1.5171477563606
EPHB4,APP,239,491,1.51709195600501
APP,ARL2,491,496,1.51709195585789
PIK3CD,UBC,303,444,1.51682511288485
ANXA1,PIK3CA,190,302,1.51679481112825
PSMB9,SRC,335,228,1.51672958198475
FLOT2,HDAC1,417,205,1.51629494661345
UBR3,ESR2,391,39,1.51624895968728
HCK,PIK3R1,275,538,1.51621007596727
HDAC2,CD44,21,313,1.51598864683875
HSP90AA1,PRKCQ,290,264,1.51573420413714
FYN,JAK1,234,331,1.51561037727917
SRCAP,LARP1,610,438,1.51558052605234
SF3B3,HNRNPD,293,530,1.51555220976789
RANBP2,EED,631,510,1.51549670182712
STRN3,YWHAG,493,454,1.51540295639645
AKT1,HSPA8,203,242,1.51521335745944
HSP90AB1,AR,301,37,1.51514118259676
PDIA6,CDK2,599,261,1.51509727876429
TMED2,ESR2,513,39,1.51505291162244
MAPK14,SRC,245,228,1.51477265541491
HNRNPA2B1,SRSF1,392,563,1.51470442829582
CSNK2B,LCK,288,230,1.51437125779966
EGFR,WIPI2,25,500,1.51427785395241
GART,SRSF1,83,563,1.51424567041838
SRRM2,ARID1A,629,380,1.51386978416493
ESR2,KMT2B,39,399,1.51386380864552
ESR1,MARCKS,31,473,1.51348531713029
PCBP1,SRSF7,537,584,1.51339340420661
PCBP1,PML,537,206,1.51339340420661
NTRK1,HACD3,76,374,1.51298076391204
OSBPL8,NTRK1,511,76,1.51298076387533
HDAC2,TOP2A,21,52,1.51297768429691
PHB2,ERBB2,312,247,1.51296914444578
CCT5,BECN1,464,129,1.51289364126803
ESR1,SF1,31,507,1.51276824958451
EIF4G2,POLA1,408,194,1.51267296217094
ACTB,YY1,286,514,1.51251535348384
PIK3R1,BTK,538,235,1.51249437429003
CSF1R,AXL,77,356,1.51248781666117
CLTC,ZDHHC5,375,557,1.51245529299643
APP,PIM1,491,256,1.51242804372472
MTOR,PML,140,206,1.51223107623083
ZBTB18,SRRM2,593,629,1.51203231834953
DRD4,APP,212,491,1.51192577092563
PARP1,NR3C1,350,36,1.5118688620336
GSK3B,TUBA1A,260,65,1.51182620974062
MED1,HDAC3,535,267,1.51175549881091
DNAJB6,AKT1,459,203,1.51173403706166
CSNK2B,PML,288,206,1.51145979014092
PARP2,HDAC1,351,205,1.51134921716972
U2SURP,RANBP2,402,631,1.51124876588779
UBR5,VIM,404,413,1.51124419542628
PTK2B,HSP90AA1,250,290,1.51107798196437
HDAC1,PPARG,205,24,1.51100180535006
ESR1,KMT2C,31,435,1.5109435448304
FNDC3A,APP,372,491,1.51089651339402
STAU1,TOP2A,471,52,1.51055194701461
SUB1,EGFR,386,25,1.5104880405879
IREB2,ATP2A2,613,489,1.51042260244537
AP2B1,ACTB,475,286,1.51035080730952
PPIF,ESR2,547,39,1.51033693486416
NTRK1,API5,76,371,1.51032798372293
G3BP1,LCK,420,230,1.51022483395053
CSNK2A1,JUN,287,69,1.51015946768104
HNRNPD,SRSF7,530,584,1.50992570690589
HSP90AB1,MET,301,329,1.50979885483529
DNMT1,VCAM1,189,162,1.50965399041242
GIPC1,NTRK1,612,76,1.50945113711183
ALK,SLC6A4,328,92,1.50944399443777
DNAJB6,MAPT,459,222,1.5093835612354
MAPT,PSMB5,222,2,1.50938356116943
CHRM3,PIK3R1,298,538,1.50936162026459
SF3B3,EED,293,510,1.50928779032038
ERBB2,MAP2K1,247,342,1.5092422783719
KCNJ6,MAP2,161,221,1.50918288419882
TUBB,SF3B3,29,293,1.5089250814707
GSTP1,NTRK1,354,76,1.5085779158419
ERBB2,JAK1,247,331,1.50850477008598
ESR1,HMMR,31,315,1.50843224598633
CORO1C,JUN,533,69,1.50826941890348
EGFR,ANXA2,25,373,1.50825912429048
CDKN1A,PDPK1,204,263,1.50821701691254
EGFR,RAF1,25,41,1.50812977214821
CSF1R,VCAM1,77,162,1.50809760392349
AHR,HSPA8,285,242,1.50806574872986
FTL,HSP90AA1,589,290,1.50804735281473
SOGA1,PDGFRB,458,45,1.50804702056723
ESR2,INO80,39,598,1.50801821326034
SIK1,NLK,344,363,1.50794777179395
CACNG2,APP,186,491,1.50786654055422
NTRK1,QKI,76,447,1.50770827369632
RUVBL2,ATIC,292,64,1.50758811444107
NCOA1,HDAC3,251,267,1.50758001768336
TOP1,KIF23,124,395,1.50755926619766
CSNK2B,HNRNPA2B1,288,392,1.50755382785608
GSK3B,PSMB5,260,2,1.50742434762542
CDK6,ERBB2,349,247,1.50740328890967
AKT1,ANXA2,203,373,1.50730786814144
HDAC1,RAP1A,205,602,1.50720136074625
ESR1,EMSY,31,394,1.50718767101406
CSNK2B,RXRA,288,118,1.50703843030956
RUVBL2,FGFR1,292,47,1.50702675417856
CDK2,G3BP2,261,385,1.50695247712945
ESR2,ESRRB,39,253,1.50686827695304
EPHA2,FAM102A,229,406,1.50662019416159
A2M,MAPT,59,222,1.5065311765656
HSP90AA1,DDR1,290,79,1.50652311547813
HSP90AB1,CRBN,301,53,1.50649501466922
ESR2,PLEC,39,626,1.50640786088897
AP2B1,ERBB2,475,247,1.50630746214053
LARP1,KIF23,438,395,1.50626551052348
TUBB,LCK,29,230,1.50615869027538
PLEC,TUBA1A,626,65,1.50612781084632
CDK6,HIF1A,349,632,1.50603220642543
TMED2,ESR1,513,31,1.50595029877928
ERBB2,YES1,247,231,1.50594342728232
ERBB2,JAK2,247,330,1.50594342728232
MTOR,MAPK8,140,98,1.50577922025097
H2AX,RANBP2,554,631,1.50528866347587
SF3B3,MTOR,293,140,1.50527756102546
HNRNPU,VCAM1,370,162,1.50523972946223
UBR5,MAPK1,404,202,1.50514140561353
HPGDS,CD44,122,313,1.50511650580292
HSP90AA1,ZAP70,290,265,1.50502618090051
ACTB,VCAM1,286,162,1.50500837359508
RUVBL2,SSRP1,292,628,1.50499594758545
ESR1,KMT2B,31,399,1.50471999864194
GRB2,HACD3,565,374,1.50462133072754
CDK4,LYN,348,243,1.50459518249574
EIF5,JUN,390,69,1.50432448452587
DAB2,JUN,403,69,1.50432448452587
TUBA1A,VAPB,65,452,1.50429022037741
ARID4B,PIK3CA,379,302,1.50428076692472
CLTC,PIK3CA,375,302,1.50399449926182
SCN3A,CACNA1B,8,87,1.50382946605064
HSP90AB1,PAFAH1B1,301,382,1.50370312558437
HSP90AA1,HTR7,290,216,1.50353953435362
SRSF7,EED,584,510,1.50352678040832
E2F1,AR,400,37,1.50338783
HDAC1,RCN2,205,440,1.50313247149722
PHB2,AKT1,312,203,1.50297158149938
PDPK1,ACTB,263,286,1.50294429273469
GSK3B,ANXA2,260,373,1.50292607202571
ERBB2,MACROH2A1,247,487,1.50269439662067
PLEC,SLC20A1,626,457,1.50258743747313
PDGFRA,RAF1,78,41,1.50228035869676
AR,SYK,37,258,1.50213310481435
PCBP1,TUBA4A,537,62,1.50196665323113
SOGA1,POM121,458,551,1.50193364252857
CDK4,MAPK11,348,340,1.50174415175336
LARP1,VCAM1,438,162,1.50163483703393
ESR2,SPTBN2,39,495,1.5012086929326
PARP1,MED1,350,535,1.50101668608436
FGFR3,MAPK1,308,202,1.50097048134152
NCAN,SCN4A,316,137,1.50080150079871
CSNK2A1,SRC,287,228,1.50079961723709
HSPA8,HDAC3,242,267,1.50068783590647
ERBB4,ESR1,347,31,1.50056875417492
GSK3B,SSRP1,260,628,1.50051105118339
FGFR3,GRB2,308,565,1.50050899728962
SRCAP,MYO10,610,419,1.50043229209435
GRB2,GSTP1,565,354,1.50007846152497
ESR1,HDAC9,31,18,1.49986703649275
CDK2,TPM1,261,572,1.49970014850217
C5orf51,MAP2K4,376,566,1.49964966090745
HNRNPA2B1,EED,392,510,1.49950333854529
H2AX,TYMS,554,15,1.49799403277391
PPIF,FAM43A,547,585,1.49792045270296
RAB10,CCT5,522,464,1.49766668125705
FPGS,DNAJB11,16,575,1.49693733362116
ATXN10,TOP1,433,124,1.49651011324152
HSP90AB1,ATIC,301,64,1.49582088428836
FLT4,PDGFRB,42,45,1.49573299279359
ATXN10,SSRP1,433,628,1.49547757376285
RARA,EZR,112,506,1.49521045447564
IMPDH2,LTA4H,131,272,1.49509306470652
BTK,ZAP70,235,265,1.49472945147011
CSF1,HAPLN3,427,320,1.49457741268945
CSF1,DAB2,427,403,1.49394737599553
ADRA1D,EZR,95,506,1.49363814813283
DAB2,PDGFRB,403,45,1.49346595482853
FLT1,GABRE,49,177,1.49341176623355
KDR,STAB2,43,323,1.49314845928985
ABCC5,OGT,353,627,1.49300144859369
DNAJB6,FPGS,459,16,1.49269355804261
ZBTB18,HIPK1,593,578,1.49230755180432
MAP3K2,MAPK6,516,381,1.49103395665796
ESR1,CCND1,31,200,1.49059065079723
CDKN1A,NOS2,204,224,1.49059065079723
TUBB,FLOT2,29,417,1.489329755
BIRC5,TYMS,274,15,1.48612052643038
HSPA8,RANBP2,242,631,1.48596500681016
CSNK2B,AKT1,288,203,1.48589247298903
